eta,normalization,m0,m1,partner,nk,n_shell,n_keep,dimension,delta0_meV,mu_meV,nu_proxy,interband_pairing_weight_mean,D_iso_raw,geom_fraction_total,anisotropy_ratio,anisotropy_norm,max_closure_error,max_bdg_hermiticity_error,max_ph_spectrum_error,Dxx_total_raw,Dxx_conv_raw,Dxx_geom_raw,Dxx_cross_raw,Dyy_total_raw,Dyy_conv_raw,Dyy_geom_raw,Dyy_cross_raw,matrix_hermitian,matrix_symmetric,matrix_real,matrix_trace_real,matrix_frobenius_norm
0.0,fixed_frobenius_norm,tau0_sigma0,taux_sigmax,tr_sewn,7,3,6,196,1.0,-4.0,-1.3333333333333335,-6.0420300659872555e-18,61077.49272846766,0.582254035574249,1.2371527335453383,0.10600650102664622,0.0,0.0,1.3270864623711207e-15,67552.10402409294,31255.54338878417,36296.56063530877,8.306099572313987e-13,54602.881432842376,19774.20882033686,34828.67261250552,2.7957681521336187e-12,True,True,True,0.0,2.0
1.0,fixed_frobenius_norm,tau0_sigma0,taux_sigmax,tr_sewn,7,3,6,196,1.0,-4.0,-1.3333333333333335,0.1082416470827977,66520.79882026077,0.608271495427035,1.2700252945322879,0.11895254875912005,0.0,0.0,1.5747256221266344e-15,74433.61738542345,31858.289095906446,41898.4223382471,676.9059512699183,58607.98025509808,19577.77234004187,39026.989212554814,3.2187025014060513,True,True,True,0.0,2.0
0.0,fixed_delta0,tau0_sigma0,taux_sigmax,tr_sewn,7,3,6,196,1.0,-4.0,-1.3333333333333335,-6.0420300659872555e-18,61077.49272846766,0.582254035574249,1.2371527335453383,0.10600650102664622,0.0,0.0,1.3270864623711207e-15,67552.10402409294,31255.54338878417,36296.56063530877,8.306099572313987e-13,54602.881432842376,19774.20882033686,34828.67261250552,2.7957681521336187e-12,True,True,True,0.0,2.0
1.0,fixed_delta0,tau0_sigma0,taux_sigmax,tr_sewn,7,3,6,196,1.0,-4.0,-1.3333333333333335,0.10824164708279772,62852.605466982626,0.5708294461880161,1.2861612070553696,0.12517105363009468,0.0,0.0,1.2883289791260008e-15,70719.93231668149,33078.83199786354,36928.09129570452,713.0090231134275,54985.27861728376,20168.606689017703,34828.14464467861,-11.472716412554895,True,True,True,0.0,2.0
0.0,fixed_frobenius_norm,tau0_sigma0,taux_sigmax,tr_sewn,7,3,6,196,1.0,0.0,-0.38095238095238115,-6.0420300659872555e-18,84272.932417637,0.70812973521174,1.0184396468006194,0.009135594829326509,0.0,0.0,1.1646352748916515e-15,85042.81578328375,26774.009768871965,58268.80601441178,1.9674783344475592e-12,83503.04905199025,22419.51642956572,61083.53262242454,-1.9303561017221335e-12,True,True,True,0.0,2.0
1.0,fixed_frobenius_norm,tau0_sigma0,taux_sigmax,tr_sewn,7,3,6,196,1.0,0.0,-0.38095238095238115,0.1082416470827977,91157.77950600482,0.7263526349205286,0.9774374087336946,-0.011410015389945497,0.0,0.0,1.286405566988752e-15,90117.66783892804,25965.03368180227,64640.42850332712,-487.7943462013401,92197.89117308159,23954.420502643832,67784.95817205521,458.51249838255507,True,True,True,0.0,2.0
0.0,fixed_delta0,tau0_sigma0,taux_sigmax,tr_sewn,7,3,6,196,1.0,0.0,-0.38095238095238115,-6.0420300659872555e-18,84272.932417637,0.70812973521174,1.0184396468006194,0.009135594829326509,0.0,0.0,1.1646352748916515e-15,85042.81578328375,26774.009768871965,58268.80601441178,1.9674783344475592e-12,83503.04905199025,22419.51642956572,61083.53262242454,-1.9303561017221335e-12,True,True,True,0.0,2.0
1.0,fixed_delta0,tau0_sigma0,taux_sigmax,tr_sewn,7,3,6,196,1.0,0.0,-0.38095238095238115,0.10824164708279772,85214.94843041094,0.7040659679007366,1.0049628685751686,0.0024752920131111407,0.0,0.0,1.598285111153655e-15,85425.88031165842,26963.435267195706,58902.10065637522,-439.655611912503,85004.01654916347,23414.219732369467,61091.789636162044,498.00718063196376,True,True,True,0.0,2.0
0.0,fixed_frobenius_norm,tau0_sigma0,taux_sigmax,tr_sewn,7,3,6,196,1.0,2.0,0.12244897959183687,-6.0420300659872555e-18,85951.42475477903,0.7275329265712619,1.0098998639628693,0.004925550839806493,0.0,0.0,1.2507769109230617e-15,86374.78286716249,22669.884391229152,63704.898475933325,1.4106448435661744e-12,85528.06664239556,24167.981928700872,61360.084713694676,3.4894898761900102e-12,True,True,True,0.0,2.0
1.0,fixed_frobenius_norm,tau0_sigma0,taux_sigmax,tr_sewn,7,3,6,196,1.0,2.0,0.12244897959183687,0.1082416470827977,94105.35206160262,0.7430337267917833,0.9742017413403786,-0.013067691168231716,0.0,0.0,1.3434596148852845e-15,92875.61238358388,21436.256441560774,71416.73354011854,22.62240190456763,95335.09173962136,26809.664886654646,68430.16736665228,95.2594863144371,True,True,True,0.0,2.0
0.0,fixed_delta0,tau0_sigma0,taux_sigmax,tr_sewn,7,3,6,196,1.0,2.0,0.12244897959183687,-6.0420300659872555e-18,85951.42475477903,0.7275329265712619,1.0098998639628693,0.004925550839806493,0.0,0.0,1.2507769109230617e-15,86374.78286716249,22669.884391229152,63704.898475933325,1.4106448435661744e-12,85528.06664239556,24167.981928700872,61360.084713694676,3.4894898761900102e-12,True,True,True,0.0,2.0
1.0,fixed_delta0,tau0_sigma0,taux_sigmax,tr_sewn,7,3,6,196,1.0,2.0,0.12244897959183687,0.10824164708279772,86973.60148219741,0.7248753134126344,0.9866283252330151,-0.006730838676336964,0.0,0.0,1.8248210267585983e-15,86388.19620152072,22211.54297764765,64034.25497486584,142.39824900724028,87559.00676287411,25481.77450355186,62055.77829120099,21.453968121254565,True,True,True,0.0,2.0
0.0,fixed_frobenius_norm,tau0_sigma0,taux_sigmax,tr_sewn,7,3,6,196,1.0,4.0,0.6666666666666665,-6.0420300659872555e-18,82302.91941969184,0.6651859562238807,1.1046472390728075,0.04972198529522188,0.0,0.0,9.443866504468254e-16,86395.18396883158,31989.38193550322,54405.802033328364,-5.568334908813846e-12,78210.65487055208,23122.964595471014,55087.69027508106,4.380423461600226e-12,True,True,True,0.0,2.0
1.0,fixed_frobenius_norm,tau0_sigma0,taux_sigmax,tr_sewn,7,3,6,196,1.0,4.0,0.6666666666666665,0.1082416470827977,87753.93843800802,0.7028674521503387,1.1316190961999426,0.061746067313143,0.0,0.0,1.4193124883791765e-15,93172.39902779466,31796.21978414289,61370.35096014086,5.828283510894241,82335.47784822136,20423.690621532114,61988.42329201988,-76.6360653306217,True,True,True,0.0,2.0
0.0,fixed_delta0,tau0_sigma0,taux_sigmax,tr_sewn,7,3,6,196,1.0,4.0,0.6666666666666665,-6.0420300659872555e-18,82302.91941969184,0.6651859562238807,1.1046472390728075,0.04972198529522188,0.0,0.0,9.443866504468254e-16,86395.18396883158,31989.38193550322,54405.802033328364,-5.568334908813846e-12,78210.65487055208,23122.964595471014,55087.69027508106,4.380423461600226e-12,True,True,True,0.0,2.0
1.0,fixed_delta0,tau0_sigma0,taux_sigmax,tr_sewn,7,3,6,196,1.0,4.0,0.6666666666666665,0.10824164708279772,82258.9627148014,0.6785743747600917,1.0959893151511553,0.04579666244349763,0.0,0.0,1.0752023271591564e-15,86026.1486632034,30839.66788279038,55176.95364769723,9.527132715801729,78491.77676639937,22128.56453632414,56460.69473752289,-97.48250744764017,True,True,True,0.0,2.0
0.0,fixed_frobenius_norm,tau0_sigma0,taux_sigma0,tr_sewn,7,3,6,196,1.0,-4.0,-1.3333333333333335,-6.0420300659872555e-18,61077.49272846766,0.582254035574249,1.2371527335453383,0.10600650102664622,0.0,0.0,1.3270864623711207e-15,67552.10402409294,31255.54338878417,36296.56063530877,8.306099572313987e-13,54602.881432842376,19774.20882033686,34828.67261250552,2.7957681521336187e-12,True,True,True,0.0,2.0
1.0,fixed_frobenius_norm,tau0_sigma0,taux_sigma0,tr_sewn,7,3,6,196,1.0,-4.0,-1.3333333333333335,0.04881135363161157,65894.37960490011,0.616366808292208,1.2642707469166226,0.11671340420596528,0.0,0.0,1.362963396965808e-15,73585.13696662814,31323.724406019413,41991.93690747118,269.4756531375476,58203.622243172096,18961.830348044,39238.279975463716,3.5119196643812156,True,True,True,0.0,2.0
0.0,fixed_delta0,tau0_sigma0,taux_sigma0,tr_sewn,7,3,6,196,1.0,-4.0,-1.3333333333333335,-6.0420300659872555e-18,61077.49272846766,0.582254035574249,1.2371527335453383,0.10600650102664622,0.0,0.0,1.3270864623711207e-15,67552.10402409294,31255.54338878417,36296.56063530877,8.306099572313987e-13,54602.881432842376,19774.20882033686,34828.67261250552,2.7957681521336187e-12,True,True,True,0.0,2.0
1.0,fixed_delta0,tau0_sigma0,taux_sigma0,tr_sewn,7,3,6,196,1.0,-4.0,-1.3333333333333335,0.04881135363161161,61838.53703193016,0.5842352774721062,1.2628099502078092,0.1161431830294336,0.0,0.0,1.4926737670049012e-15,69020.66155670203,31438.559801221512,37325.46061608704,256.6411393934912,54656.41250715829,19710.02997006996,34931.04906655064,15.333470537681627,True,True,True,0.0,2.0
0.0,fixed_frobenius_norm,tau0_sigma0,taux_sigma0,tr_sewn,7,3,6,196,1.0,0.0,-0.38095238095238115,-6.0420300659872555e-18,84272.932417637,0.70812973521174,1.0184396468006194,0.009135594829326509,0.0,0.0,1.1646352748916515e-15,85042.81578328375,26774.009768871965,58268.80601441178,1.9674783344475592e-12,83503.04905199025,22419.51642956572,61083.53262242454,-1.9303561017221335e-12,True,True,True,0.0,2.0
1.0,fixed_frobenius_norm,tau0_sigma0,taux_sigma0,tr_sewn,7,3,6,196,1.0,0.0,-0.38095238095238115,0.04881135363161157,90268.55470484695,0.730525764276459,1.00641698740705,0.0031982321956628593,0.0,0.0,1.5869699052214428e-15,90557.25450275994,26434.640011924446,64116.69181589738,5.922674938128174,89979.85490693395,22265.407085060564,67770.31801588195,-55.870194008562606,True,True,True,0.0,2.0
0.0,fixed_delta0,tau0_sigma0,taux_sigma0,tr_sewn,7,3,6,196,1.0,0.0,-0.38095238095238115,-6.0420300659872555e-18,84272.932417637,0.70812973521174,1.0184396468006194,0.009135594829326509,0.0,0.0,1.1646352748916515e-15,85042.81578328375,26774.009768871965,58268.80601441178,1.9674783344475592e-12,83503.04905199025,22419.51642956572,61083.53262242454,-1.9303561017221335e-12,True,True,True,0.0,2.0
1.0,fixed_delta0,tau0_sigma0,taux_sigma0,tr_sewn,7,3,6,196,1.0,0.0,-0.38095238095238115,0.04881135363161161,84460.8977824589,0.7069936130257667,1.0259583034719582,0.012812851788446197,0.0,0.0,1.4185199084184061e-15,85543.08274766464,27097.531257539522,58395.32210260159,50.22938752351655,83378.71281725314,22408.698222994277,61031.30846263958,-61.29386838070653,True,True,True,0.0,2.0
0.0,fixed_frobenius_norm,tau0_sigma0,taux_sigma0,tr_sewn,7,3,6,196,1.0,2.0,0.12244897959183687,-6.0420300659872555e-18,85951.42475477903,0.7275329265712619,1.0098998639628693,0.004925550839806493,0.0,0.0,1.2507769109230617e-15,86374.78286716249,22669.884391229152,63704.898475933325,1.4106448435661744e-12,85528.06664239556,24167.981928700872,61360.084713694676,3.4894898761900102e-12,True,True,True,0.0,2.0
1.0,fixed_frobenius_norm,tau0_sigma0,taux_sigma0,tr_sewn,7,3,6,196,1.0,2.0,0.12244897959183687,0.04881135363161157,91587.01579207365,0.7575384749155487,0.9982701076108766,-0.0008656949741352323,0.0,0.0,1.5482605304533654e-15,91507.72937280641,20550.227450754803,71054.67245575669,-97.17053370507978,91666.3022113409,24027.47732736385,67706.7040746308,-67.87919065374311,True,True,True,0.0,2.0
0.0,fixed_delta0,tau0_sigma0,taux_sigma0,tr_sewn,7,3,6,196,1.0,2.0,0.12244897959183687,-6.0420300659872555e-18,85951.42475477903,0.7275329265712619,1.0098998639628693,0.004925550839806493,0.0,0.0,1.2507769109230617e-15,86374.78286716249,22669.884391229152,63704.898475933325,1.4106448435661744e-12,85528.06664239556,24167.981928700872,61360.084713694676,3.4894898761900102e-12,True,True,True,0.0,2.0
1.0,fixed_delta0,tau0_sigma0,taux_sigma0,tr_sewn,7,3,6,196,1.0,2.0,0.12244897959183687,0.04881135363161161,84695.25225235069,0.7350694450964799,1.0053488321184967,0.0026672826357327624,0.0,0.0,1.349431728376919e-15,84921.1584280124,21586.99571341262,63409.61710755377,-75.45439295399663,84469.34607668899,23401.979285844103,61104.16704332984,-36.800252484952395,True,True,True,0.0,2.0
0.0,fixed_frobenius_norm,tau0_sigma0,taux_sigma0,tr_sewn,7,3,6,196,1.0,4.0,0.6666666666666665,-6.0420300659872555e-18,82302.91941969184,0.6651859562238807,1.1046472390728075,0.04972198529522188,0.0,0.0,9.443866504468254e-16,86395.18396883158,31989.38193550322,54405.802033328364,-5.568334908813846e-12,78210.65487055208,23122.964595471014,55087.69027508106,4.380423461600226e-12,True,True,True,0.0,2.0
1.0,fixed_frobenius_norm,tau0_sigma0,taux_sigma0,tr_sewn,7,3,6,196,1.0,4.0,0.6666666666666665,0.04881135363161157,89315.78412441163,0.6781551104233814,1.140206441364998,0.06551070899290255,0.0,0.0,1.4165652729629686e-15,95166.92446665886,35021.9493795722,60059.36381149583,85.6112755908074,83464.64378216439,22400.495925390584,61080.54707938669,-16.39922261288139,True,True,True,0.0,2.0
0.0,fixed_delta0,tau0_sigma0,taux_sigma0,tr_sewn,7,3,6,196,1.0,4.0,0.6666666666666665,-6.0420300659872555e-18,82302.91941969184,0.6651859562238807,1.1046472390728075,0.04972198529522188,0.0,0.0,9.443866504468254e-16,86395.18396883158,31989.38193550322,54405.802033328364,-5.568334908813846e-12,78210.65487055208,23122.964595471014,55087.69027508106,4.380423461600226e-12,True,True,True,0.0,2.0
1.0,fixed_delta0,tau0_sigma0,taux_sigma0,tr_sewn,7,3,6,196,1.0,4.0,0.6666666666666665,0.04881135363161161,82756.95541610703,0.6577943089676745,1.104774059327622,0.049779242984918065,0.0,0.0,1.3642653001788636e-15,86876.53400845746,33234.271880895314,53556.51815361231,85.74397394982024,78637.37682375661,23344.62815877396,55317.59044680123,-24.84178181858212,True,True,True,0.0,2.0
0.0,fixed_frobenius_norm,tau0_sigma0,tau0_sigmaz,tr_sewn,7,3,6,196,1.0,-4.0,-1.3333333333333335,-6.0420300659872555e-18,61077.49272846766,0.582254035574249,1.2371527335453383,0.10600650102664622,0.0,0.0,1.3270864623711207e-15,67552.10402409294,31255.54338878417,36296.56063530877,8.306099572313987e-13,54602.881432842376,19774.20882033686,34828.67261250552,2.7957681521336187e-12,True,True,True,0.0,2.0
1.0,fixed_frobenius_norm,tau0_sigma0,tau0_sigmaz,tr_sewn,7,3,6,196,1.0,-4.0,-1.3333333333333335,0.042196097855445536,65536.95337678686,0.6101394808895428,1.250618766185547,0.11135549474258907,0.0,0.0,1.3109357428465544e-15,72834.85324398095,32053.1909832531,40890.91017856484,-109.24791783699717,58239.05350959276,19181.948679671754,39082.45524622498,-25.350416303964767,True,True,True,0.0,2.0
0.0,fixed_delta0,tau0_sigma0,tau0_sigmaz,tr_sewn,7,3,6,196,1.0,-4.0,-1.3333333333333335,-6.0420300659872555e-18,61077.49272846766,0.582254035574249,1.2371527335453383,0.10600650102664622,0.0,0.0,1.3270864623711207e-15,67552.10402409294,31255.54338878417,36296.56063530877,8.306099572313987e-13,54602.881432842376,19774.20882033686,34828.67261250552,2.7957681521336187e-12,True,True,True,0.0,2.0
1.0,fixed_delta0,tau0_sigma0,tau0_sigmaz,tr_sewn,7,3,6,196,1.0,-4.0,-1.3333333333333335,0.042196097855445536,61051.059140755075,0.5829625145579764,1.2370444557730056,0.10596322981480284,0.0,0.0,1.6569410966744049e-15,67520.22655092402,31335.23328250373,36296.256630829215,-111.2633624089212,54581.891730586125,19742.202484626978,34884.701275415406,-45.012029456253,True,True,True,0.0,2.0
0.0,fixed_frobenius_norm,tau0_sigma0,tau0_sigmaz,tr_sewn,7,3,6,196,1.0,0.0,-0.38095238095238115,-6.0420300659872555e-18,84272.932417637,0.70812973521174,1.0184396468006194,0.009135594829326509,0.0,0.0,1.1646352748916515e-15,85042.81578328375,26774.009768871965,58268.80601441178,1.9674783344475592e-12,83503.04905199025,22419.51642956572,61083.53262242454,-1.9303561017221335e-12,True,True,True,0.0,2.0
1.0,fixed_frobenius_norm,tau0_sigma0,tau0_sigmaz,tr_sewn,7,3,6,196,1.0,0.0,-0.38095238095238115,0.042196097855445536,90779.3566827103,0.7287637185768154,1.0045058680339032,0.002247869714805485,0.0,0.0,1.3595598093756558e-15,90983.4168493269,26699.013165407618,64346.68048897687,-62.276805057600335,90575.29651609372,22549.90596272269,67966.72260322921,58.667950141804035,True,True,True,0.0,2.0
0.0,fixed_delta0,tau0_sigma0,tau0_sigmaz,tr_sewn,7,3,6,196,1.0,0.0,-0.38095238095238115,-6.0420300659872555e-18,84272.932417637,0.70812973521174,1.0184396468006194,0.009135594829326509,0.0,0.0,1.1646352748916515e-15,85042.81578328375,26774.009768871965,58268.80601441178,1.9674783344475592e-12,83503.04905199025,22419.51642956572,61083.53262242454,-1.9303561017221335e-12,True,True,True,0.0,2.0
1.0,fixed_delta0,tau0_sigma0,tau0_sigmaz,tr_sewn,7,3,6,196,1.0,0.0,-0.38095238095238115,0.042196097855445536,84493.12291425656,0.708373855653936,1.018565794178419,0.009197517480957556,0.0,0.0,1.5780352681647567e-15,85270.24988928113,26822.13788816724,58470.43409390772,-22.3220927938284,83715.99593923199,22419.521474507572,61235.004416119955,61.470048604460246,True,True,True,0.0,2.0
0.0,fixed_frobenius_norm,tau0_sigma0,tau0_sigmaz,tr_sewn,7,3,6,196,1.0,2.0,0.12244897959183687,-6.0420300659872555e-18,85951.42475477903,0.7275329265712619,1.0098998639628693,0.004925550839806493,0.0,0.0,1.2507769109230617e-15,86374.78286716249,22669.884391229152,63704.898475933325,1.4106448435661744e-12,85528.06664239556,24167.981928700872,61360.084713694676,3.4894898761900102e-12,True,True,True,0.0,2.0
1.0,fixed_frobenius_norm,tau0_sigma0,tau0_sigmaz,tr_sewn,7,3,6,196,1.0,2.0,0.12244897959183687,0.042196097855445536,93737.55384641705,0.7489242209055501,1.0040657833981446,0.0020287674345951185,0.0,0.0,1.4553428547927875e-15,93927.72554305928,21917.784921432038,71926.3817550959,83.55886653131886,93547.38214977484,24948.163688619796,68478.267212944,120.9512482110175,True,True,True,0.0,2.0
0.0,fixed_delta0,tau0_sigma0,tau0_sigmaz,tr_sewn,7,3,6,196,1.0,2.0,0.12244897959183687,-6.0420300659872555e-18,85951.42475477903,0.7275329265712619,1.0098998639628693,0.004925550839806493,0.0,0.0,1.2507769109230617e-15,86374.78286716249,22669.884391229152,63704.898475933325,1.4106448435661744e-12,85528.06664239556,24167.981928700872,61360.084713694676,3.4894898761900102e-12,True,True,True,0.0,2.0
1.0,fixed_delta0,tau0_sigma0,tau0_sigmaz,tr_sewn,7,3,6,196,1.0,2.0,0.12244897959183687,0.042196097855445536,86430.36151549427,0.7272454433506085,1.009186000948347,0.004572001270171713,0.0,0.0,1.338317255616398e-15,86825.52123812451,22694.34443467042,64031.971947843434,99.20485561068146,86035.20179286403,24201.796056106905,61680.20121073455,153.20452602257836,True,True,True,0.0,2.0
0.0,fixed_frobenius_norm,tau0_sigma0,tau0_sigmaz,tr_sewn,7,3,6,196,1.0,4.0,0.6666666666666665,-6.0420300659872555e-18,82302.91941969184,0.6651859562238807,1.1046472390728075,0.04972198529522188,0.0,0.0,9.443866504468254e-16,86395.18396883158,31989.38193550322,54405.802033328364,-5.568334908813846e-12,78210.65487055208,23122.964595471014,55087.69027508106,4.380423461600226e-12,True,True,True,0.0,2.0
1.0,fixed_frobenius_norm,tau0_sigma0,tau0_sigmaz,tr_sewn,7,3,6,196,1.0,4.0,0.6666666666666665,0.042196097855445536,89141.04753796491,0.6878051267272224,1.134596214830906,0.06305464888195171,0.0,0.0,1.2619091149939695e-15,94761.80499144066,33503.880709894634,61196.4460839605,61.47819758551271,83520.29008448917,22044.47778149285,61426.892912934134,48.91939006218962,True,True,True,0.0,2.0
0.0,fixed_delta0,tau0_sigma0,tau0_sigmaz,tr_sewn,7,3,6,196,1.0,4.0,0.6666666666666665,-6.0420300659872555e-18,82302.91941969184,0.6651859562238807,1.1046472390728075,0.04972198529522188,0.0,0.0,9.443866504468254e-16,86395.18396883158,31989.38193550322,54405.802033328364,-5.568334908813846e-12,78210.65487055208,23122.964595471014,55087.69027508106,4.380423461600226e-12,True,True,True,0.0,2.0
1.0,fixed_delta0,tau0_sigma0,tau0_sigmaz,tr_sewn,7,3,6,196,1.0,4.0,0.6666666666666665,0.042196097855445536,82773.5951499489,0.6647011215433969,1.103699375229587,0.049293818523033855,0.0,0.0,1.0351163190939978e-15,86853.82172776957,32155.585895398814,54651.84705687737,46.388775493388366,78693.36857212825,23275.9634212579,55387.55600382284,29.84914704752024,True,True,True,0.0,2.0
0.0,fixed_frobenius_norm,tau0_sigma0,tauz_sigmaz,tr_sewn,7,3,6,196,1.0,-4.0,-1.3333333333333335,-6.0420300659872555e-18,61077.49272846766,0.582254035574249,1.2371527335453383,0.10600650102664622,0.0,0.0,1.3270864623711207e-15,67552.10402409294,31255.54338878417,36296.56063530877,8.306099572313987e-13,54602.881432842376,19774.20882033686,34828.67261250552,2.7957681521336187e-12,True,True,True,0.0,2.0
1.0,fixed_frobenius_norm,tau0_sigma0,tauz_sigmaz,tr_sewn,7,3,6,196,1.0,-4.0,-1.3333333333333335,0.010853377724034474,65554.6052028331,0.609728577948799,1.2518607455621078,0.11184561303733664,0.0,0.0,1.6619812756362027e-15,72886.60020916455,31957.565468059758,40919.830073581135,9.204667523648075,58222.61019650166,19194.90002331289,39021.2023430556,6.507830133163445,True,True,True,0.0,2.0
0.0,fixed_delta0,tau0_sigma0,tauz_sigmaz,tr_sewn,7,3,6,196,1.0,-4.0,-1.3333333333333335,-6.0420300659872555e-18,61077.49272846766,0.582254035574249,1.2371527335453383,0.10600650102664622,0.0,0.0,1.3270864623711207e-15,67552.10402409294,31255.54338878417,36296.56063530877,8.306099572313987e-13,54602.881432842376,19774.20882033686,34828.67261250552,2.7957681521336187e-12,True,True,True,0.0,2.0
1.0,fixed_delta0,tau0_sigma0,tauz_sigmaz,tr_sewn,7,3,6,196,1.0,-4.0,-1.3333333333333335,0.01085337772403446,61081.849131633186,0.582314255364681,1.2383810687795174,0.10649708939394098,0.0,0.0,1.340108167623542e-15,67586.88827895194,31250.199827322234,36331.41687612083,5.271575508872785,54576.80998431443,19761.38914738564,34806.2461106487,9.174726280092296,True,True,True,0.0,2.0
0.0,fixed_frobenius_norm,tau0_sigma0,tauz_sigmaz,tr_sewn,7,3,6,196,1.0,0.0,-0.38095238095238115,-6.0420300659872555e-18,84272.932417637,0.70812973521174,1.0184396468006194,0.009135594829326509,0.0,0.0,1.1646352748916515e-15,85042.81578328375,26774.009768871965,58268.80601441178,1.9674783344475592e-12,83503.04905199025,22419.51642956572,61083.53262242454,-1.9303561017221335e-12,True,True,True,0.0,2.0
1.0,fixed_frobenius_norm,tau0_sigma0,tauz_sigmaz,tr_sewn,7,3,6,196,1.0,0.0,-0.38095238095238115,0.010853377724034474,90723.57698303935,0.7288233030760117,1.00580541339407,0.002894305377432643,0.0,0.0,1.2177975245139053e-15,90986.1587197613,26683.892967489686,64309.91682973073,-7.651077459142545,90460.99524631743,22551.726263251585,67932.9972575684,-23.728274502543783,True,True,True,0.0,2.0
0.0,fixed_delta0,tau0_sigma0,tauz_sigmaz,tr_sewn,7,3,6,196,1.0,0.0,-0.38095238095238115,-6.0420300659872555e-18,84272.932417637,0.70812973521174,1.0184396468006194,0.009135594829326509,0.0,0.0,1.1646352748916515e-15,85042.81578328375,26774.009768871965,58268.80601441178,1.9674783344475592e-12,83503.04905199025,22419.51642956572,61083.53262242454,-1.9303561017221335e-12,True,True,True,0.0,2.0
1.0,fixed_delta0,tau0_sigma0,tauz_sigmaz,tr_sewn,7,3,6,196,1.0,0.0,-0.38095238095238115,0.01085337772403446,84365.17005581359,0.7085672546261481,1.0197070877211358,0.009757398902516893,0.0,0.0,1.7005273551891633e-15,85188.35467352683,26787.895693809245,58402.06584881073,-1.6068690931363618,83541.98543810034,22420.328903203845,61154.728016221175,-33.0714813246781,True,True,True,0.0,2.0
0.0,fixed_frobenius_norm,tau0_sigma0,tauz_sigmaz,tr_sewn,7,3,6,196,1.0,2.0,0.12244897959183687,-6.0420300659872555e-18,85951.42475477903,0.7275329265712619,1.0098998639628693,0.004925550839806493,0.0,0.0,1.2507769109230617e-15,86374.78286716249,22669.884391229152,63704.898475933325,1.4106448435661744e-12,85528.06664239556,24167.981928700872,61360.084713694676,3.4894898761900102e-12,True,True,True,0.0,2.0
1.0,fixed_frobenius_norm,tau0_sigma0,tauz_sigmaz,tr_sewn,7,3,6,196,1.0,2.0,0.12244897959183687,0.010853377724034474,93489.30773787212,0.7495306127441086,1.0053855856548148,0.0026855611675579098,0.0,0.0,1.5477176884011577e-15,93740.37899231481,21891.33886646497,71819.39115349721,29.648972352640882,93238.23648342941,24902.42259169587,68326.80507408243,9.008817651133336,True,True,True,0.0,2.0
0.0,fixed_delta0,tau0_sigma0,tauz_sigmaz,tr_sewn,7,3,6,196,1.0,2.0,0.12244897959183687,-6.0420300659872555e-18,85951.42475477903,0.7275329265712619,1.0098998639628693,0.004925550839806493,0.0,0.0,1.2507769109230617e-15,86374.78286716249,22669.884391229152,63704.898475933325,1.4106448435661744e-12,85528.06664239556,24167.981928700872,61360.084713694676,3.4894898761900102e-12,True,True,True,0.0,2.0
1.0,fixed_delta0,tau0_sigma0,tauz_sigmaz,tr_sewn,7,3,6,196,1.0,2.0,0.12244897959183687,0.01085337772403446,86103.01148044872,0.7279951751261141,1.0106407159748263,0.005292201580463476,0.0,0.0,1.3332601314551808e-15,86558.68597388822,22674.419268557325,63861.7691291475,22.49757618340092,85647.33698700923,24166.12053975673,61503.38471404268,-22.168266790176265,True,True,True,0.0,2.0
0.0,fixed_frobenius_norm,tau0_sigma0,tauz_sigmaz,tr_sewn,7,3,6,196,1.0,4.0,0.6666666666666665,-6.0420300659872555e-18,82302.91941969184,0.6651859562238807,1.1046472390728075,0.04972198529522188,0.0,0.0,9.443866504468254e-16,86395.18396883158,31989.38193550322,54405.802033328364,-5.568334908813846e-12,78210.65487055208,23122.964595471014,55087.69027508106,4.380423461600226e-12,True,True,True,0.0,2.0
1.0,fixed_frobenius_norm,tau0_sigma0,tauz_sigmaz,tr_sewn,7,3,6,196,1.0,4.0,0.6666666666666665,0.010853377724034474,88799.45333261916,0.6885075715260961,1.1352678548884805,0.06334936133600216,0.0,0.0,1.441162944947019e-15,94424.84198822672,33354.47727336156,61032.928642230894,37.436072634252106,83174.06467701161,21917.240951796135,61245.26329154214,11.560433673348895,True,True,True,0.0,2.0
0.0,fixed_delta0,tau0_sigma0,tauz_sigmaz,tr_sewn,7,3,6,196,1.0,4.0,0.6666666666666665,-6.0420300659872555e-18,82302.91941969184,0.6651859562238807,1.1046472390728075,0.04972198529522188,0.0,0.0,9.443866504468254e-16,86395.18396883158,31989.38193550322,54405.802033328364,-5.568334908813846e-12,78210.65487055208,23122.964595471014,55087.69027508106,4.380423461600226e-12,True,True,True,0.0,2.0
1.0,fixed_delta0,tau0_sigma0,tauz_sigmaz,tr_sewn,7,3,6,196,1.0,4.0,0.6666666666666665,0.01085337772403446,82403.18022426986,0.6650069330828902,1.1041139165882647,0.04948112161012714,0.0,0.0,1.579829034214619e-15,86480.58200600819,32015.648122771025,54428.45598216153,36.47790107564633,78325.77844253155,23141.521010796103,55168.91633227521,15.341099460232021,True,True,True,0.0,2.0
0.0,fixed_frobenius_norm,tau0_sigma0,tau0_sigmax,tr_sewn,7,3,6,196,1.0,-4.0,-1.3333333333333335,-6.0420300659872555e-18,61077.49272846766,0.582254035574249,1.2371527335453383,0.10600650102664622,0.0,0.0,1.3270864623711207e-15,67552.10402409294,31255.54338878417,36296.56063530877,8.306099572313987e-13,54602.881432842376,19774.20882033686,34828.67261250552,2.7957681521336187e-12,True,True,True,0.0,2.0
1.0,fixed_frobenius_norm,tau0_sigma0,tau0_sigmax,tr_sewn,7,3,6,196,1.0,-4.0,-1.3333333333333335,0.01788864631988913,65408.883759787095,0.6082810699785914,1.2436201817794437,0.10858352218343183,0.0,0.0,1.2207289899699967e-15,72511.21074051145,32040.238227225178,40525.35259600123,-54.38008271494689,58306.55677906274,19307.00993080585,39048.61900301598,-49.072154759085066,True,True,True,0.0,2.0
0.0,fixed_delta0,tau0_sigma0,tau0_sigmax,tr_sewn,7,3,6,196,1.0,-4.0,-1.3333333333333335,-6.0420300659872555e-18,61077.49272846766,0.582254035574249,1.2371527335453383,0.10600650102664622,0.0,0.0,1.3270864623711207e-15,67552.10402409294,31255.54338878417,36296.56063530877,8.306099572313987e-13,54602.881432842376,19774.20882033686,34828.67261250552,2.7957681521336187e-12,True,True,True,0.0,2.0
1.0,fixed_delta0,tau0_sigma0,tau0_sigmax,tr_sewn,7,3,6,196,1.0,-4.0,-1.3333333333333335,0.017888646319889137,60891.01326602275,0.5831408491245219,1.2256776727613066,0.10139728475656473,0.0,0.0,1.2403894401384507e-15,67065.19667727342,31024.978821593537,36060.935726444986,-20.717870765108405,54716.82985477208,19830.966909212366,34955.13863355707,-69.27568799736369,True,True,True,0.0,2.0
0.0,fixed_frobenius_norm,tau0_sigma0,tau0_sigmax,tr_sewn,7,3,6,196,1.0,0.0,-0.38095238095238115,-6.0420300659872555e-18,84272.932417637,0.70812973521174,1.0184396468006194,0.009135594829326509,0.0,0.0,1.1646352748916515e-15,85042.81578328375,26774.009768871965,58268.80601441178,1.9674783344475592e-12,83503.04905199025,22419.51642956572,61083.53262242454,-1.9303561017221335e-12,True,True,True,0.0,2.0
1.0,fixed_frobenius_norm,tau0_sigma0,tau0_sigmax,tr_sewn,7,3,6,196,1.0,0.0,-0.38095238095238115,0.01788864631988913,91022.95427049836,0.7282845003199293,0.9890045906826,-0.005528096500584968,0.0,0.0,1.2728214777213e-15,90519.77059552271,26977.97867675559,63648.73271780842,-106.94079904128843,91526.13794547401,22487.60461262772,68932.48081925894,106.05251358735018,True,True,True,0.0,2.0
0.0,fixed_delta0,tau0_sigma0,tau0_sigmax,tr_sewn,7,3,6,196,1.0,0.0,-0.38095238095238115,-6.0420300659872555e-18,84272.932417637,0.70812973521174,1.0184396468006194,0.009135594829326509,0.0,0.0,1.1646352748916515e-15,85042.81578328375,26774.009768871965,58268.80601441178,1.9674783344475592e-12,83503.04905199025,22419.51642956572,61083.53262242454,-1.9303561017221335e-12,True,True,True,0.0,2.0
1.0,fixed_delta0,tau0_sigma0,tau0_sigmax,tr_sewn,7,3,6,196,1.0,0.0,-0.38095238095238115,0.017888646319889137,84633.30925364338,0.709676627185799,0.992473417144235,-0.003777507288680748,0.0,0.0,1.2983082379475089e-15,84313.60631107258,26863.92632471249,57532.458554183126,-82.778567823039,84953.0121962142,22259.840012442706,62592.104363213504,101.06782055801136,True,True,True,0.0,2.0
0.0,fixed_frobenius_norm,tau0_sigma0,tau0_sigmax,tr_sewn,7,3,6,196,1.0,2.0,0.12244897959183687,-6.0420300659872555e-18,85951.42475477903,0.7275329265712619,1.0098998639628693,0.004925550839806493,0.0,0.0,1.2507769109230617e-15,86374.78286716249,22669.884391229152,63704.898475933325,1.4106448435661744e-12,85528.06664239556,24167.981928700872,61360.084713694676,3.4894898761900102e-12,True,True,True,0.0,2.0
1.0,fixed_frobenius_norm,tau0_sigma0,tau0_sigmax,tr_sewn,7,3,6,196,1.0,2.0,0.12244897959183687,0.01788864631988913,93426.96136678927,0.7503056725874285,0.9803591034048325,-0.00991784599136537,0.0,0.0,1.3553639548161026e-15,92500.3671525122,21497.570493288596,71020.1539441889,-17.35728496529206,94353.55558106632,25060.63222001049,69177.40422802816,115.51913302766732,True,True,True,0.0,2.0
0.0,fixed_delta0,tau0_sigma0,tau0_sigmax,tr_sewn,7,3,6,196,1.0,2.0,0.12244897959183687,-6.0420300659872555e-18,85951.42475477903,0.7275329265712619,1.0098998639628693,0.004925550839806493,0.0,0.0,1.2507769109230617e-15,86374.78286716249,22669.884391229152,63704.898475933325,1.4106448435661744e-12,85528.06664239556,24167.981928700872,61360.084713694676,3.4894898761900102e-12,True,True,True,0.0,2.0
1.0,fixed_delta0,tau0_sigma0,tau0_sigmax,tr_sewn,7,3,6,196,1.0,2.0,0.12244897959183687,0.017888646319889137,86110.93070693986,0.7293857475233987,0.976972771901934,-0.011647721417990427,0.0,0.0,1.3924853800963691e-15,85107.93457502156,22262.454674807428,62861.829263770174,-16.34936355604233,87113.92683885818,24216.24627085998,62754.341863463655,143.33870453457533,True,True,True,0.0,2.0
0.0,fixed_frobenius_norm,tau0_sigma0,tau0_sigmax,tr_sewn,7,3,6,196,1.0,4.0,0.6666666666666665,-6.0420300659872555e-18,82302.91941969184,0.6651859562238807,1.1046472390728075,0.04972198529522188,0.0,0.0,9.443866504468254e-16,86395.18396883158,31989.38193550322,54405.802033328364,-5.568334908813846e-12,78210.65487055208,23122.964595471014,55087.69027508106,4.380423461600226e-12,True,True,True,0.0,2.0
1.0,fixed_frobenius_norm,tau0_sigma0,tau0_sigmax,tr_sewn,7,3,6,196,1.0,4.0,0.6666666666666665,0.01788864631988913,89753.50819736626,0.682458394982817,1.1472002637213923,0.06855451082437648,0.0,0.0,1.5109950559782706e-15,95906.51604660838,35059.53839745994,60791.069513278555,55.90813586988258,83600.50034812416,21887.491757901305,61715.00078362482,-1.9921934019631797,True,True,True,0.0,2.0
0.0,fixed_delta0,tau0_sigma0,tau0_sigmax,tr_sewn,7,3,6,196,1.0,4.0,0.6666666666666665,-6.0420300659872555e-18,82302.91941969184,0.6651859562238807,1.1046472390728075,0.04972198529522188,0.0,0.0,9.443866504468254e-16,86395.18396883158,31989.38193550322,54405.802033328364,-5.568334908813846e-12,78210.65487055208,23122.964595471014,55087.69027508106,4.380423461600226e-12,True,True,True,0.0,2.0
1.0,fixed_delta0,tau0_sigma0,tau0_sigmax,tr_sewn,7,3,6,196,1.0,4.0,0.6666666666666665,0.017888646319889137,83533.46543478467,0.658098722840329,1.1048325950956435,0.049805668792809586,0.0,0.0,1.2772774485747725e-15,87693.90554734516,33587.56226334125,54019.81442180469,86.52886219924136,79373.02532222417,23445.66570957446,55926.719412312435,0.640200337283631,True,True,True,0.0,2.0
0.0,fixed_frobenius_norm,tau0_sigma0,taux_sigmaz,tr_sewn,7,3,6,196,1.0,-4.0,-1.3333333333333335,-6.0420300659872555e-18,61077.49272846766,0.582254035574249,1.2371527335453383,0.10600650102664622,0.0,0.0,1.3270864623711207e-15,67552.10402409294,31255.54338878417,36296.56063530877,8.306099572313987e-13,54602.881432842376,19774.20882033686,34828.67261250552,2.7957681521336187e-12,True,True,True,0.0,2.0
1.0,fixed_frobenius_norm,tau0_sigma0,taux_sigmaz,tr_sewn,7,3,6,196,1.0,-4.0,-1.3333333333333335,0.03738285821352425,65639.58180872609,0.6095694333587963,1.2517398583863009,0.11179793147451278,0.0,0.0,1.2341281281645993e-15,72977.95127779372,32048.68452093657,40935.88067135282,-6.6139144956652896,58301.21233965845,19202.250414584192,39087.884706754216,11.077218320048486,True,True,True,0.0,2.0
0.0,fixed_delta0,tau0_sigma0,taux_sigmaz,tr_sewn,7,3,6,196,1.0,-4.0,-1.3333333333333335,-6.0420300659872555e-18,61077.49272846766,0.582254035574249,1.2371527335453383,0.10600650102664622,0.0,0.0,1.3270864623711207e-15,67552.10402409294,31255.54338878417,36296.56063530877,8.306099572313987e-13,54602.881432842376,19774.20882033686,34828.67261250552,2.7957681521336187e-12,True,True,True,0.0,2.0
1.0,fixed_delta0,tau0_sigma0,taux_sigmaz,tr_sewn,7,3,6,196,1.0,-4.0,-1.3333333333333335,0.03738285821352422,61176.37405142216,0.5822533620085413,1.237947236906183,0.10632388153848064,0.0,0.0,1.2263290220439693e-15,67680.88359901935,31332.74473324044,36351.114344281865,-2.9754785029540565,54671.86450382497,19767.84148312473,34889.1845895834,14.838431116842218,True,True,True,0.0,2.0
0.0,fixed_frobenius_norm,tau0_sigma0,taux_sigmaz,tr_sewn,7,3,6,196,1.0,0.0,-0.38095238095238115,-6.0420300659872555e-18,84272.932417637,0.70812973521174,1.0184396468006194,0.009135594829326509,0.0,0.0,1.1646352748916515e-15,85042.81578328375,26774.009768871965,58268.80601441178,1.9674783344475592e-12,83503.04905199025,22419.51642956572,61083.53262242454,-1.9303561017221335e-12,True,True,True,0.0,2.0
1.0,fixed_frobenius_norm,tau0_sigma0,taux_sigmaz,tr_sewn,7,3,6,196,1.0,0.0,-0.38095238095238115,0.03738285821352425,90760.25893574562,0.729290880800038,1.004520729654487,0.0022552671008127232,0.0,0.0,1.485606537922095e-15,90964.94756178465,26654.41337325197,64350.76699100742,-40.23280247472424,90555.57030970659,22526.593660433875,68030.49137077147,-1.5147214987600632,True,True,True,0.0,2.0
0.0,fixed_delta0,tau0_sigma0,taux_sigmaz,tr_sewn,7,3,6,196,1.0,0.0,-0.38095238095238115,-6.0420300659872555e-18,84272.932417637,0.70812973521174,1.0184396468006194,0.009135594829326509,0.0,0.0,1.1646352748916515e-15,85042.81578328375,26774.009768871965,58268.80601441178,1.9674783344475592e-12,83503.04905199025,22419.51642956572,61083.53262242454,-1.9303561017221335e-12,True,True,True,0.0,2.0
1.0,fixed_delta0,tau0_sigma0,taux_sigmaz,tr_sewn,7,3,6,196,1.0,0.0,-0.38095238095238115,0.03738285821352422,84441.29824081503,0.709284849289286,1.0180598025043381,0.008949091836588086,0.0,0.0,1.4416411217453757e-15,85196.9711735728,26759.919055031773,58480.36258717458,-43.310468633566934,83685.62530805725,22383.63392121491,61305.50440588169,-3.5130190393499605,True,True,True,0.0,2.0
0.0,fixed_frobenius_norm,tau0_sigma0,taux_sigmaz,tr_sewn,7,3,6,196,1.0,2.0,0.12244897959183687,-6.0420300659872555e-18,85951.42475477903,0.7275329265712619,1.0098998639628693,0.004925550839806493,0.0,0.0,1.2507769109230617e-15,86374.78286716249,22669.884391229152,63704.898475933325,1.4106448435661744e-12,85528.06664239556,24167.981928700872,61360.084713694676,3.4894898761900102e-12,True,True,True,0.0,2.0
1.0,fixed_frobenius_norm,tau0_sigma0,taux_sigmaz,tr_sewn,7,3,6,196,1.0,2.0,0.12244897959183687,0.03738285821352425,93440.02672653922,0.7498408138111367,1.004947030466593,0.0024674120519990643,0.0,0.0,1.642856516863364e-15,93670.5817746234,21897.84093986455,71744.2830142178,28.45782054106612,93209.47167845504,24907.770532469516,68386.00835210727,-84.30720612172838,True,True,True,0.0,2.0
0.0,fixed_delta0,tau0_sigma0,taux_sigmaz,tr_sewn,7,3,6,196,1.0,2.0,0.12244897959183687,-6.0420300659872555e-18,85951.42475477903,0.7275329265712619,1.0098998639628693,0.004925550839806493,0.0,0.0,1.2507769109230617e-15,86374.78286716249,22669.884391229152,63704.898475933325,1.4106448435661744e-12,85528.06664239556,24167.981928700872,61360.084713694676,3.4894898761900102e-12,True,True,True,0.0,2.0
1.0,fixed_delta0,tau0_sigma0,taux_sigmaz,tr_sewn,7,3,6,196,1.0,2.0,0.12244897959183687,0.03738285821352422,86092.49435710814,0.7282045552793361,1.009311296357582,0.004634073562648752,0.0,0.0,1.5482891745774767e-15,86491.4533091509,22670.856512421462,63794.209580876326,26.38721585309677,85693.53540506537,24169.151131401726,61591.68355153705,-67.29927787340324,True,True,True,0.0,2.0
0.0,fixed_frobenius_norm,tau0_sigma0,taux_sigmaz,tr_sewn,7,3,6,196,1.0,4.0,0.6666666666666665,-6.0420300659872555e-18,82302.91941969184,0.6651859562238807,1.1046472390728075,0.04972198529522188,0.0,0.0,9.443866504468254e-16,86395.18396883158,31989.38193550322,54405.802033328364,-5.568334908813846e-12,78210.65487055208,23122.964595471014,55087.69027508106,4.380423461600226e-12,True,True,True,0.0,2.0
1.0,fixed_frobenius_norm,tau0_sigma0,taux_sigmaz,tr_sewn,7,3,6,196,1.0,4.0,0.6666666666666665,0.03738285821352425,88869.7496130073,0.6890656720041473,1.1349526667729108,0.06321108138519,0.0,0.0,1.1657926633760745e-15,94487.30258847655,33402.44357663357,61148.74012449832,-63.88111265534718,83252.19663753803,21950.17065284473,61325.447351356044,-23.421366662768175,True,True,True,0.0,2.0
0.0,fixed_delta0,tau0_sigma0,taux_sigmaz,tr_sewn,7,3,6,196,1.0,4.0,0.6666666666666665,-6.0420300659872555e-18,82302.91941969184,0.6651859562238807,1.1046472390728075,0.04972198529522188,0.0,0.0,9.443866504468254e-16,86395.18396883158,31989.38193550322,54405.802033328364,-5.568334908813846e-12,78210.65487055208,23122.964595471014,55087.69027508106,4.380423461600226e-12,True,True,True,0.0,2.0
1.0,fixed_delta0,tau0_sigma0,taux_sigmaz,tr_sewn,7,3,6,196,1.0,4.0,0.6666666666666665,0.03738285821352422,82495.55291833323,0.6656703147469931,1.1039978509510773,0.049428686870600515,0.0,0.0,1.4504430742313012e-15,86573.19977175057,32074.302531862664,54564.30723618194,-65.40999629403666,78417.90606491588,23191.860924075212,55265.37411656627,-39.32897572559545,True,True,True,0.0,2.0
0.0,fixed_frobenius_norm,tau0_sigma0,tauz_sigma0,tr_sewn,7,3,6,196,1.0,-4.0,-1.3333333333333335,-6.0420300659872555e-18,61077.49272846766,0.582254035574249,1.2371527335453383,0.10600650102664622,0.0,0.0,1.3270864623711207e-15,67552.10402409294,31255.54338878417,36296.56063530877,8.306099572313987e-13,54602.881432842376,19774.20882033686,34828.67261250552,2.7957681521336187e-12,True,True,True,0.0,2.0
1.0,fixed_frobenius_norm,tau0_sigma0,tauz_sigma0,tr_sewn,7,3,6,196,1.0,-4.0,-1.3333333333333335,0.004959166606115324,65467.93098164382,0.6092953104359817,1.2465481529186566,0.10974532310751844,0.0,0.0,1.3930585090276724e-15,72652.73022040504,31864.060478968036,40799.44156911807,-10.771827681088492,58283.1317428826,19319.503769306357,38979.16509300612,-15.53711942987166,True,True,True,0.0,2.0
0.0,fixed_delta0,tau0_sigma0,tauz_sigma0,tr_sewn,7,3,6,196,1.0,-4.0,-1.3333333333333335,-6.0420300659872555e-18,61077.49272846766,0.582254035574249,1.2371527335453383,0.10600650102664622,0.0,0.0,1.3270864623711207e-15,67552.10402409294,31255.54338878417,36296.56063530877,8.306099572313987e-13,54602.881432842376,19774.20882033686,34828.67261250552,2.7957681521336187e-12,True,True,True,0.0,2.0
1.0,fixed_delta0,tau0_sigma0,tauz_sigma0,tr_sewn,7,3,6,196,1.0,-4.0,-1.3333333333333335,0.004959166606115298,60965.949095423886,0.5817681478994008,1.232631339474959,0.10419603781503228,0.0,0.0,1.6009921959278797e-15,67318.3594328,31136.794808420746,36197.970420634316,-16.405796255064544,54613.53875804776,19896.852434470005,34738.124159713494,-21.43783613574066,True,True,True,0.0,2.0
0.0,fixed_frobenius_norm,tau0_sigma0,tauz_sigma0,tr_sewn,7,3,6,196,1.0,0.0,-0.38095238095238115,-6.0420300659872555e-18,84272.932417637,0.70812973521174,1.0184396468006194,0.009135594829326509,0.0,0.0,1.1646352748916515e-15,85042.81578328375,26774.009768871965,58268.80601441178,1.9674783344475592e-12,83503.04905199025,22419.51642956572,61083.53262242454,-1.9303561017221335e-12,True,True,True,0.0,2.0
1.0,fixed_frobenius_norm,tau0_sigma0,tauz_sigma0,tr_sewn,7,3,6,196,1.0,0.0,-0.38095238095238115,0.004959166606115324,90936.14833992775,0.7249316752179281,1.0066867860851025,0.0033322520143505134,0.0,0.0,1.7124659079064621e-15,91239.17050341074,27206.739198222513,64041.93849610122,-9.507190912982562,90633.12617644474,22810.751716605013,67803.05021175845,19.324248081293746,True,True,True,0.0,2.0
0.0,fixed_delta0,tau0_sigma0,tauz_sigma0,tr_sewn,7,3,6,196,1.0,0.0,-0.38095238095238115,-6.0420300659872555e-18,84272.932417637,0.70812973521174,1.0184396468006194,0.009135594829326509,0.0,0.0,1.1646352748916515e-15,85042.81578328375,26774.009768871965,58268.80601441178,1.9674783344475592e-12,83503.04905199025,22419.51642956572,61083.53262242454,-1.9303561017221335e-12,True,True,True,0.0,2.0
1.0,fixed_delta0,tau0_sigma0,tauz_sigma0,tr_sewn,7,3,6,196,1.0,0.0,-0.38095238095238115,0.004959166606115298,84394.67310585952,0.7049767011812729,1.0188375378349068,0.00933088348213948,0.0,0.0,1.635795304371106e-15,85182.14996712355,27157.79971793589,58016.26430697048,8.085942217184849,83607.1962445955,22617.654287255016,60976.29217991099,13.249777429491104,True,True,True,0.0,2.0
0.0,fixed_frobenius_norm,tau0_sigma0,tauz_sigma0,tr_sewn,7,3,6,196,1.0,2.0,0.12244897959183687,-6.0420300659872555e-18,85951.42475477903,0.7275329265712619,1.0098998639628693,0.004925550839806493,0.0,0.0,1.2507769109230617e-15,86374.78286716249,22669.884391229152,63704.898475933325,1.4106448435661744e-12,85528.06664239556,24167.981928700872,61360.084713694676,3.4894898761900102e-12,True,True,True,0.0,2.0
1.0,fixed_frobenius_norm,tau0_sigma0,tauz_sigma0,tr_sewn,7,3,6,196,1.0,2.0,0.12244897959183687,0.004959166606115324,93149.16047658626,0.7503690525897183,1.0035645112890395,0.0017790848604850905,0.0,0.0,1.5323458656859223e-15,93314.88073775705,21713.202269326695,71574.75894953715,26.919518893189778,92983.44021541547,24789.406679561645,68217.73564315017,-23.702107296349023,True,True,True,0.0,2.0
0.0,fixed_delta0,tau0_sigma0,tauz_sigma0,tr_sewn,7,3,6,196,1.0,2.0,0.12244897959183687,-6.0420300659872555e-18,85951.42475477903,0.7275329265712619,1.0098998639628693,0.004925550839806493,0.0,0.0,1.2507769109230617e-15,86374.78286716249,22669.884391229152,63704.898475933325,1.4106448435661744e-12,85528.06664239556,24167.981928700872,61360.084713694676,3.4894898761900102e-12,True,True,True,0.0,2.0
1.0,fixed_delta0,tau0_sigma0,tauz_sigma0,tr_sewn,7,3,6,196,1.0,2.0,0.12244897959183687,0.004959166606115298,85767.85326887244,0.7281396160896543,1.0087443848872875,0.0043531595921688475,0.0,0.0,1.997631482370962e-15,86141.21442202956,22546.018459915118,63558.658245836945,36.537716277502895,85394.49211571531,24078.70281560361,61343.28525822421,-27.495958112513144,True,True,True,0.0,2.0
0.0,fixed_frobenius_norm,tau0_sigma0,tauz_sigma0,tr_sewn,7,3,6,196,1.0,4.0,0.6666666666666665,-6.0420300659872555e-18,82302.91941969184,0.6651859562238807,1.1046472390728075,0.04972198529522188,0.0,0.0,9.443866504468254e-16,86395.18396883158,31989.38193550322,54405.802033328364,-5.568334908813846e-12,78210.65487055208,23122.964595471014,55087.69027508106,4.380423461600226e-12,True,True,True,0.0,2.0
1.0,fixed_frobenius_norm,tau0_sigma0,tauz_sigma0,tr_sewn,7,3,6,196,1.0,4.0,0.6666666666666665,0.004959166606115324,88564.08574563557,0.6880962207376263,1.1308367517728644,0.06140158398526194,0.0,0.0,1.862062007167209e-15,94002.06089462416,33150.28309586127,60822.97268227391,28.805116488967542,83126.11059664699,22023.959903335468,61058.25270703592,43.897986275605206,True,True,True,0.0,2.0
0.0,fixed_delta0,tau0_sigma0,tauz_sigma0,tr_sewn,7,3,6,196,1.0,4.0,0.6666666666666665,-6.0420300659872555e-18,82302.91941969184,0.6651859562238807,1.1046472390728075,0.04972198529522188,0.0,0.0,9.443866504468254e-16,86395.18396883158,31989.38193550322,54405.802033328364,-5.568334908813846e-12,78210.65487055208,23122.964595471014,55087.69027508106,4.380423461600226e-12,True,True,True,0.0,2.0
1.0,fixed_delta0,tau0_sigma0,tauz_sigma0,tr_sewn,7,3,6,196,1.0,4.0,0.6666666666666665,0.004959166606115298,82139.16886968797,0.6636654043321627,1.1007384614600964,0.04795383304882182,0.0,0.0,1.7724191265726134e-15,86078.05686043396,31934.174593084612,54115.051286526344,28.830980823015494,78200.28087894197,23236.740132684823,54910.798152292184,52.74259396496816,True,True,True,0.0,2.0
0.0,fixed_frobenius_norm,tau0_sigma0,tauz_sigmax,tr_sewn,7,3,6,196,1.0,-4.0,-1.3333333333333335,-6.0420300659872555e-18,61077.49272846766,0.582254035574249,1.2371527335453383,0.10600650102664622,0.0,0.0,1.3270864623711207e-15,67552.10402409294,31255.54338878417,36296.56063530877,8.306099572313987e-13,54602.881432842376,19774.20882033686,34828.67261250552,2.7957681521336187e-12,True,True,True,0.0,2.0
1.0,fixed_frobenius_norm,tau0_sigma0,tauz_sigmax,tr_sewn,7,3,6,196,1.0,-4.0,-1.3333333333333335,0.13036952961898202,65003.140213899824,0.6096482677331353,1.2658115076464118,0.11731404256240217,0.0,0.0,1.2355994410280113e-15,72628.92137164307,31933.15145134847,40696.67512850403,-0.9052082094367692,57377.35905615659,18772.70488547702,38561.42852873224,43.22564194732872,True,True,True,0.0,2.0
0.0,fixed_delta0,tau0_sigma0,tauz_sigmax,tr_sewn,7,3,6,196,1.0,-4.0,-1.3333333333333335,-6.0420300659872555e-18,61077.49272846766,0.582254035574249,1.2371527335453383,0.10600650102664622,0.0,0.0,1.3270864623711207e-15,67552.10402409294,31255.54338878417,36296.56063530877,8.306099572313987e-13,54602.881432842376,19774.20882033686,34828.67261250552,2.7957681521336187e-12,True,True,True,0.0,2.0
1.0,fixed_delta0,tau0_sigma0,tauz_sigmax,tr_sewn,7,3,6,196,1.0,-4.0,-1.3333333333333335,0.130369529618982,60411.90865775377,0.5852568296932563,1.2585569545599502,0.11447882863344779,0.0,0.0,1.5159091617818212e-15,67327.79319640427,31026.037886598973,36329.10549494226,-27.350185136974353,53496.02411910328,19007.538849881636,34383.85877856886,104.62649065279301,True,True,True,0.0,2.0
0.0,fixed_frobenius_norm,tau0_sigma0,tauz_sigmax,tr_sewn,7,3,6,196,1.0,0.0,-0.38095238095238115,-6.0420300659872555e-18,84272.932417637,0.70812973521174,1.0184396468006194,0.009135594829326509,0.0,0.0,1.1646352748916515e-15,85042.81578328375,26774.009768871965,58268.80601441178,1.9674783344475592e-12,83503.04905199025,22419.51642956572,61083.53262242454,-1.9303561017221335e-12,True,True,True,0.0,2.0
1.0,fixed_frobenius_norm,tau0_sigma0,tauz_sigmax,tr_sewn,7,3,6,196,1.0,0.0,-0.38095238095238115,0.13036952961898202,90294.00990249158,0.7351368834470721,1.0245927949526699,0.012147032733683527,0.0,0.0,1.480649369693832e-15,91390.8141964327,26177.043217220442,65028.96059043693,184.81038877530082,89197.20560855047,21541.1548523667,67727.95347687653,-71.90272069275566,True,True,True,0.0,2.0
0.0,fixed_delta0,tau0_sigma0,tauz_sigmax,tr_sewn,7,3,6,196,1.0,0.0,-0.38095238095238115,-6.0420300659872555e-18,84272.932417637,0.70812973521174,1.0184396468006194,0.009135594829326509,0.0,0.0,1.1646352748916515e-15,85042.81578328375,26774.009768871965,58268.80601441178,1.9674783344475592e-12,83503.04905199025,22419.51642956572,61083.53262242454,-1.9303561017221335e-12,True,True,True,0.0,2.0
1.0,fixed_delta0,tau0_sigma0,tauz_sigmax,tr_sewn,7,3,6,196,1.0,0.0,-0.38095238095238115,0.130369529618982,84179.8513026094,0.7164670926805755,1.0518503466032576,0.02527004305606076,0.0,0.0,1.507081118269029e-15,86307.07976947913,26581.585366971685,59544.38292916381,181.11147334364225,82052.62283573966,21056.889191430528,61079.80372096363,-84.07007665450132,True,True,True,0.0,2.0
0.0,fixed_frobenius_norm,tau0_sigma0,tauz_sigmax,tr_sewn,7,3,6,196,1.0,2.0,0.12244897959183687,-6.0420300659872555e-18,85951.42475477903,0.7275329265712619,1.0098998639628693,0.004925550839806493,0.0,0.0,1.2507769109230617e-15,86374.78286716249,22669.884391229152,63704.898475933325,1.4106448435661744e-12,85528.06664239556,24167.981928700872,61360.084713694676,3.4894898761900102e-12,True,True,True,0.0,2.0
1.0,fixed_frobenius_norm,tau0_sigma0,tauz_sigmax,tr_sewn,7,3,6,196,1.0,2.0,0.12244897959183687,0.13036952961898202,92745.70250096274,0.7449882214844017,1.0044764836559466,0.0022332432894307842,0.0,0.0,1.3873032638812748e-15,92952.82621869656,21724.455294035375,71271.86020817702,-43.48928351583208,92538.57878322892,25603.1298958114,66917.0517048503,18.3971825672261,True,True,True,0.0,2.0
0.0,fixed_delta0,tau0_sigma0,tauz_sigmax,tr_sewn,7,3,6,196,1.0,2.0,0.12244897959183687,-6.0420300659872555e-18,85951.42475477903,0.7275329265712619,1.0098998639628693,0.004925550839806493,0.0,0.0,1.2507769109230617e-15,86374.78286716249,22669.884391229152,63704.898475933325,1.4106448435661744e-12,85528.06664239556,24167.981928700872,61360.084713694676,3.4894898761900102e-12,True,True,True,0.0,2.0
1.0,fixed_delta0,tau0_sigma0,tauz_sigmax,tr_sewn,7,3,6,196,1.0,2.0,0.12244897959183687,0.130369529618982,85092.10194694801,0.7289645617168568,1.0178389830956176,0.008840637555852116,0.0,0.0,1.5985145147708284e-15,85844.37037912659,22188.325194443405,63712.37744646109,-56.33226177790597,84339.83351476942,23992.10265220123,60345.876156185,1.8547063831726092,True,True,True,0.0,2.0
0.0,fixed_frobenius_norm,tau0_sigma0,tauz_sigmax,tr_sewn,7,3,6,196,1.0,4.0,0.6666666666666665,-6.0420300659872555e-18,82302.91941969184,0.6651859562238807,1.1046472390728075,0.04972198529522188,0.0,0.0,9.443866504468254e-16,86395.18396883158,31989.38193550322,54405.802033328364,-5.568334908813846e-12,78210.65487055208,23122.964595471014,55087.69027508106,4.380423461600226e-12,True,True,True,0.0,2.0
1.0,fixed_frobenius_norm,tau0_sigma0,tauz_sigmax,tr_sewn,7,3,6,196,1.0,4.0,0.6666666666666665,0.13036952961898202,89850.71496306022,0.6864192237485603,1.1787779391055504,0.08205422677399785,0.0,0.0,1.6714361135158532e-15,97223.34590444501,35240.992767505166,62071.65493294758,-89.30179600772925,82478.08402167544,21249.07476000191,61278.861103446325,-49.851841772811525,True,True,True,0.0,2.0
0.0,fixed_delta0,tau0_sigma0,tauz_sigmax,tr_sewn,7,3,6,196,1.0,4.0,0.6666666666666665,-6.0420300659872555e-18,82302.91941969184,0.6651859562238807,1.1046472390728075,0.04972198529522188,0.0,0.0,9.443866504468254e-16,86395.18396883158,31989.38193550322,54405.802033328364,-5.568334908813846e-12,78210.65487055208,23122.964595471014,55087.69027508106,4.380423461600226e-12,True,True,True,0.0,2.0
1.0,fixed_delta0,tau0_sigma0,tauz_sigmax,tr_sewn,7,3,6,196,1.0,4.0,0.6666666666666665,0.130369529618982,83648.42773875313,0.6659413315664952,1.1499277284691536,0.06973617135302913,0.0,0.0,1.4121282408762135e-15,89481.7488289543,33470.45730188052,56086.78966440249,-75.49813732872025,77815.10664855197,22586.282159093018,55323.10103917553,-94.27654971656219,True,True,True,0.0,2.0
