nk,n_keep,n_shell,partner,normalization,mu_meV,eta_baseline,eta_target,D_iso_baseline,D_iso_target,D_iso_rel_target_vs_baseline,D_iso_rel_percent,W_inter_baseline,W_inter_target,raw_partner_alignment_error_mean,best_partner_alignment_error_mean,partner_min_singular_value_min,max_closure_error,max_bdg_hermiticity_error,max_ph_spectrum_error
9,6,3,same_valley,fixed_delta0,-4.0,0.0,1.0,54068.20497404433,68798.89343860031,0.2724464122977175,27.244641229771748,0.830805277326124,0.8147614408288446,1.4154551749429836,1.3381271398143373,0.002083692709841653,0.0,0.0,0.006811730891522743
9,6,3,same_valley,fixed_delta0,0.0,0.0,1.0,111414.55710636999,113944.62461745713,0.022708590123206474,2.2708590123206474,0.830805277326124,0.8147614408288446,1.4154551749429836,1.3381271398143373,0.002083692709841653,0.0,0.0,0.023505575302768308
9,6,3,same_valley,fixed_delta0,2.0,0.0,1.0,106381.7548797057,103292.00055726184,-0.029044024757231002,-2.9044024757231,0.830805277326124,0.8147614408288446,1.4154551749429836,1.3381271398143373,0.002083692709841653,0.0,0.0,0.023678792927624422
9,6,3,same_valley,fixed_delta0,4.0,0.0,1.0,82069.24117276954,83705.91619063998,0.019942611805377375,1.9942611805377375,0.830805277326124,0.8147614408288446,1.4154551749429836,1.3381271398143373,0.002083692709841653,0.0,0.0,0.016329939735561544
9,6,3,same_valley,fixed_frobenius_norm,-4.0,0.0,1.0,54068.20497404433,71564.0136985388,0.3235877487128229,32.35877487128229,0.830805277326124,0.8147614408288447,1.4154551749429836,1.3381271398143373,0.002083692709841653,0.0,0.0,0.005991594834048668
9,6,3,same_valley,fixed_frobenius_norm,0.0,0.0,1.0,111414.55710636999,115547.4294186085,0.03709454508976573,3.709454508976573,0.830805277326124,0.8147614408288447,1.4154551749429836,1.3381271398143373,0.002083692709841653,0.0,0.0,0.016599257628501774
9,6,3,same_valley,fixed_frobenius_norm,2.0,0.0,1.0,106381.7548797057,99998.75421317286,-0.06000089652356844,-6.000089652356843,0.830805277326124,0.8147614408288447,1.4154551749429836,1.3381271398143373,0.002083692709841653,0.0,0.0,0.023678792927624422
9,6,3,same_valley,fixed_frobenius_norm,4.0,0.0,1.0,82069.24117276954,81790.34504981183,-0.0033983026889524703,-0.33983026889524703,0.830805277326124,0.8147614408288447,1.4154551749429836,1.3381271398143373,0.002083692709841653,0.0,0.0,0.012447986383662136
9,6,3,sewn_time_reversed_valley,fixed_delta0,-4.0,0.0,1.0,64906.1096955513,65174.01371018711,0.004127562349560687,0.4127562349560687,0.2441010979513234,0.7654993201118669,1.4147287673319455,1.375168691461797,0.0002274252896963874,0.0,0.0,0.008095639770353776
9,6,3,sewn_time_reversed_valley,fixed_delta0,0.0,0.0,1.0,107712.51052586571,96383.70620613203,-0.10517630927387234,-10.517630927387234,0.2441010979513234,0.7654993201118669,1.4147287673319455,1.375168691461797,0.0002274252896963874,0.0,0.0,0.018013037998713108
9,6,3,sewn_time_reversed_valley,fixed_delta0,2.0,0.0,1.0,96099.87405488838,98859.84461332869,0.02871981452196204,2.871981452196204,0.2441010979513234,0.7654993201118669,1.4147287673319455,1.375168691461797,0.0002274252896963874,0.0,0.0,0.015587724520295176
9,6,3,sewn_time_reversed_valley,fixed_delta0,4.0,0.0,1.0,80882.71946100355,81734.04130617529,0.010525386026148498,1.0525386026148498,0.2441010979513234,0.7654993201118669,1.4147287673319455,1.375168691461797,0.0002274252896963874,0.0,0.0,0.012322249953579691
9,6,3,sewn_time_reversed_valley,fixed_frobenius_norm,-4.0,0.0,1.0,64906.1096955513,67979.84277214689,0.04735660619644677,4.735660619644677,0.2441010979513234,0.7654993201118669,1.4147287673319455,1.375168691461797,0.0002274252896963874,0.0,0.0,0.0051625973480189085
9,6,3,sewn_time_reversed_valley,fixed_frobenius_norm,0.0,0.0,1.0,107712.51052586571,97292.13460980798,-0.09674248483471581,-9.674248483471581,0.2441010979513234,0.7654993201118669,1.4147287673319455,1.375168691461797,0.0002274252896963874,0.0,0.0,0.01265719670390878
9,6,3,sewn_time_reversed_valley,fixed_frobenius_norm,2.0,0.0,1.0,96099.87405488838,98778.32816418336,0.027871567321359425,2.7871567321359425,0.2441010979513234,0.7654993201118669,1.4147287673319455,1.375168691461797,0.0002274252896963874,0.0,0.0,0.010698080643665049
9,6,3,sewn_time_reversed_valley,fixed_frobenius_norm,4.0,0.0,1.0,80882.71946100355,80791.90548141956,-0.001122785932386683,-0.11227859323866829,0.2441010979513234,0.7654993201118669,1.4147287673319455,1.375168691461797,0.0002274252896963874,0.0,0.0,0.008546401430489542
9,6,3,time_reversed_valley,fixed_delta0,-4.0,0.0,1.0,68452.23028068134,70393.60347859467,0.02836099262146652,2.836099262146652,0.7796182600786289,0.7424019163353345,1.4147287673319455,1.375168691461797,0.0002274252896963874,0.0,0.0,0.007457680029826092
9,6,3,time_reversed_valley,fixed_delta0,0.0,0.0,1.0,87748.63699663474,103028.27123858,0.17412959066852807,17.412959066852807,0.7796182600786289,0.7424019163353345,1.4147287673319455,1.375168691461797,0.0002274252896963874,0.0,0.0,0.020266447807744177
9,6,3,time_reversed_valley,fixed_delta0,2.0,0.0,1.0,88268.64217697844,97470.97061731602,0.10425365354422178,10.425365354422178,0.7796182600786289,0.7424019163353345,1.4147287673319455,1.375168691461797,0.0002274252896963874,0.0,0.0,0.018112457243188232
9,6,3,time_reversed_valley,fixed_delta0,4.0,0.0,1.0,79836.44020088422,81845.326554511,0.025162524137749998,2.5162524137749998,0.7796182600786289,0.7424019163353345,1.4147287673319455,1.375168691461797,0.0002274252896963874,0.0,0.0,0.012774685669182224
9,6,3,time_reversed_valley,fixed_frobenius_norm,-4.0,0.0,1.0,68452.23028068134,67558.08648025912,-0.013062303401304431,-1.3062303401304431,0.7796182600786289,0.7424019163353345,1.4147287673319455,1.375168691461797,0.0002274252896963874,0.0,0.0,0.004958728771466657
9,6,3,time_reversed_valley,fixed_frobenius_norm,0.0,0.0,1.0,87748.63699663474,106992.43231960824,0.21930591723848103,21.930591723848103,0.7796182600786289,0.7424019163353345,1.4147287673319455,1.375168691461797,0.0002274252896963874,0.0,0.0,0.012750979407340804
9,6,3,time_reversed_valley,fixed_frobenius_norm,2.0,0.0,1.0,88268.64217697844,96463.49169994879,0.09283987292497042,9.283987292497041,0.7796182600786289,0.7424019163353345,1.4147287673319455,1.375168691461797,0.0002274252896963874,0.0,0.0,0.010192005648223985
9,6,3,time_reversed_valley,fixed_frobenius_norm,4.0,0.0,1.0,79836.44020088422,80673.22016439983,0.010481178286633419,1.048117828663342,0.7796182600786289,0.7424019163353345,1.4147287673319455,1.375168691461797,0.0002274252896963874,0.0,0.0,0.008850886889105696
9,6,3,tr_sewn,fixed_delta0,-4.0,0.0,1.0,60859.24969255264,60442.94541088508,-0.006840443872881186,-0.6840443872881186,1.8275276125516916e-18,0.10729542571944178,0.0,0.0,1.0,0.0,0.0,2.130877602734928e-15
9,6,3,tr_sewn,fixed_delta0,0.0,0.0,1.0,83311.42938123674,84172.29406190346,0.01033309219467804,1.033309219467804,1.8275276125516916e-18,0.10729542571944178,0.0,0.0,1.0,0.0,0.0,1.6709632427389906e-15
9,6,3,tr_sewn,fixed_delta0,2.0,0.0,1.0,82650.97528292186,82412.24884106594,-0.002888368117118234,-0.2888368117118234,1.8275276125516916e-18,0.10729542571944178,0.0,0.0,1.0,0.0,0.0,1.5667408592394475e-15
9,6,3,tr_sewn,fixed_delta0,4.0,0.0,1.0,80278.78405570664,80139.46973860246,-0.0017353815051247556,-0.17353815051247556,1.8275276125516916e-18,0.10729542571944178,0.0,0.0,1.0,0.0,0.0,1.6389128249212105e-15
9,6,3,tr_sewn,fixed_frobenius_norm,-4.0,0.0,1.0,60859.24969255264,64537.80979557417,0.060443730765738835,6.0443730765738835,1.8275276125516916e-18,0.10729542571944178,0.0,0.0,1.0,0.0,0.0,2.130877602734928e-15
9,6,3,tr_sewn,fixed_frobenius_norm,0.0,0.0,1.0,83311.42938123674,90500.87185736667,0.08629599239296115,8.629599239296116,1.8275276125516916e-18,0.10729542571944178,0.0,0.0,1.0,0.0,0.0,1.6709632427389906e-15
9,6,3,tr_sewn,fixed_frobenius_norm,2.0,0.0,1.0,82650.97528292186,87963.14486829145,0.06427231580977155,6.427231580977155,1.8275276125516916e-18,0.10729542571944178,0.0,0.0,1.0,0.0,0.0,1.6808948711167368e-15
9,6,3,tr_sewn,fixed_frobenius_norm,4.0,0.0,1.0,80278.78405570664,85139.05359014694,0.06054239101414005,6.054239101414005,1.8275276125516916e-18,0.10729542571944178,0.0,0.0,1.0,0.0,0.0,1.6268754915322246e-15
9,6,4,same_valley,fixed_delta0,-4.0,0.0,1.0,43916.68095864365,44286.98501010853,0.008431968067295292,0.8431968067295292,0.8239201356396348,0.802361949443757,1.4093073865710148,1.348969661896493,0.000719611168786732,0.0,0.0,0.0024174857874064586
9,6,4,same_valley,fixed_delta0,0.0,0.0,1.0,83334.36370178676,84939.69567946426,0.01926374554706145,1.926374554706145,0.8239201356396348,0.802361949443757,1.4093073865710148,1.348969661896493,0.000719611168786732,0.0,0.0,0.027816295122811235
9,6,4,same_valley,fixed_delta0,2.0,0.0,1.0,108905.22229311107,102622.63517832368,-0.05768857528134175,-5.768857528134175,0.8239201356396348,0.802361949443757,1.4093073865710148,1.348969661896493,0.000719611168786732,0.0,0.0,0.028775729884825376
9,6,4,same_valley,fixed_delta0,4.0,0.0,1.0,107385.67772184621,103011.72156021811,-0.04073128050611796,-4.073128050611796,0.8239201356396348,0.802361949443757,1.4093073865710148,1.348969661896493,0.000719611168786732,0.0,0.0,0.02196148564138852
9,6,4,same_valley,fixed_frobenius_norm,-4.0,0.0,1.0,43916.68095864365,45692.885798786665,0.04044487883352721,4.044487883352721,0.8239201356396348,0.802361949443757,1.4093073865710148,1.348969661896493,0.000719611168786732,0.0,0.0,0.0012375241461461959
9,6,4,same_valley,fixed_frobenius_norm,0.0,0.0,1.0,83334.36370178676,83713.5683585978,0.004550399618673762,0.45503996186737616,0.8239201356396348,0.802361949443757,1.4093073865710148,1.348969661896493,0.000719611168786732,0.0,0.0,0.017664201818479854
9,6,4,same_valley,fixed_frobenius_norm,2.0,0.0,1.0,108905.22229311107,101703.84757009213,-0.06612515517058426,-6.612515517058426,0.8239201356396348,0.802361949443757,1.4093073865710148,1.348969661896493,0.000719611168786732,0.0,0.0,0.01813900844107387
9,6,4,same_valley,fixed_frobenius_norm,4.0,0.0,1.0,107385.67772184621,104504.30152026993,-0.02683203442678561,-2.683203442678561,0.8239201356396348,0.802361949443757,1.4093073865710148,1.348969661896493,0.000719611168786732,0.0,0.0,0.015514161591239695
9,6,4,sewn_time_reversed_valley,fixed_delta0,-4.0,0.0,1.0,54756.19861666595,42311.589234913554,-0.22727307037644995,-22.727307037644994,0.25236494041063345,0.7661199965109718,1.4142414970353265,1.3810552857541343,0.001004974221194591,0.0,0.0,0.002590515625835636
9,6,4,sewn_time_reversed_valley,fixed_delta0,0.0,0.0,1.0,83373.63961543258,85149.31455942536,0.02129779810721022,2.129779810721022,0.25236494041063345,0.7661199965109718,1.4142414970353265,1.3810552857541343,0.001004974221194591,0.0,0.0,0.01454813620881521
9,6,4,sewn_time_reversed_valley,fixed_delta0,2.0,0.0,1.0,105213.0571617955,107053.11739536564,0.017488896180827718,1.7488896180827718,0.25236494041063345,0.7661199965109718,1.4142414970353265,1.3810552857541343,0.001004974221194591,0.0,0.0,0.017066380101218203
9,6,4,sewn_time_reversed_valley,fixed_delta0,4.0,0.0,1.0,113126.07388811003,108338.87284169337,-0.04231739758909647,-4.231739758909647,0.25236494041063345,0.7661199965109718,1.4142414970353265,1.3810552857541343,0.001004974221194591,0.0,0.0,0.015749273875389318
9,6,4,sewn_time_reversed_valley,fixed_frobenius_norm,-4.0,0.0,1.0,54756.19861666595,45294.94334504215,-0.1727887528836618,-17.27887528836618,0.25236494041063345,0.7661199965109718,1.4142414970353265,1.3810552857541343,0.001004974221194591,0.0,0.0,0.0014252678116472828
9,6,4,sewn_time_reversed_valley,fixed_frobenius_norm,0.0,0.0,1.0,83373.63961543258,83610.06692915106,0.002835756179159432,0.2835756179159432,0.25236494041063345,0.7661199965109718,1.4142414970353265,1.3810552857541343,0.001004974221194591,0.0,0.0,0.009711944250352201
9,6,4,sewn_time_reversed_valley,fixed_frobenius_norm,2.0,0.0,1.0,105213.0571617955,104929.5075469628,-0.0026950040468518566,-0.26950040468518566,0.25236494041063345,0.7661199965109718,1.4142414970353265,1.3810552857541343,0.001004974221194591,0.0,0.0,0.010373077472960363
9,6,4,sewn_time_reversed_valley,fixed_frobenius_norm,4.0,0.0,1.0,113126.07388811003,109008.04535516616,-0.03640211660679482,-3.640211660679482,0.25236494041063345,0.7661199965109718,1.4142414970353265,1.3810552857541343,0.001004974221194591,0.0,0.0,0.011127246947881404
9,6,4,time_reversed_valley,fixed_delta0,-4.0,0.0,1.0,54451.9117293335,42871.138523448106,-0.21267890948348056,-21.267890948348057,0.7172267317955244,0.6951434771771384,1.4142414970353265,1.3810552857541343,0.001004974221194591,0.0,0.0,0.0018491102330717522
9,6,4,time_reversed_valley,fixed_delta0,0.0,0.0,1.0,83101.38494670735,85849.2326630109,0.033066208440036826,3.3066208440036826,0.7172267317955244,0.6951434771771384,1.4142414970353265,1.3810552857541343,0.001004974221194591,0.0,0.0,0.01472409319949947
9,6,4,time_reversed_valley,fixed_delta0,2.0,0.0,1.0,100047.89677546633,99543.79982620981,-0.005038556186621745,-0.5038556186621745,0.7172267317955244,0.6951434771771384,1.4142414970353265,1.3810552857541343,0.001004974221194591,0.0,0.0,0.019161058316159132
9,6,4,time_reversed_valley,fixed_delta0,4.0,0.0,1.0,96668.68539321618,99459.75992706747,0.02887258187590036,2.887258187590036,0.7172267317955244,0.6951434771771384,1.4142414970353265,1.3810552857541343,0.001004974221194591,0.0,0.0,0.01211672629584404
9,6,4,time_reversed_valley,fixed_frobenius_norm,-4.0,0.0,1.0,54451.9117293335,45374.702800476196,-0.16670138183536665,-16.670138183536665,0.7172267317955244,0.6951434771771384,1.4142414970353265,1.3810552857541343,0.001004974221194591,0.0,0.0,0.0009326713835402074
9,6,4,time_reversed_valley,fixed_frobenius_norm,0.0,0.0,1.0,83101.38494670735,84712.42092390025,0.01938639143289911,1.9386391432899108,0.7172267317955244,0.6951434771771384,1.4142414970353265,1.3810552857541343,0.001004974221194591,0.0,0.0,0.010413651389521576
9,6,4,time_reversed_valley,fixed_frobenius_norm,2.0,0.0,1.0,100047.89677546633,94027.33590840269,-0.06017678593059639,-6.017678593059639,0.7172267317955244,0.6951434771771384,1.4142414970353265,1.3810552857541343,0.001004974221194591,0.0,0.0,0.0135321313191807
9,6,4,time_reversed_valley,fixed_frobenius_norm,4.0,0.0,1.0,96668.68539321618,100121.62894650234,0.03571935978275431,3.571935978275431,0.7172267317955244,0.6951434771771384,1.4142414970353265,1.3810552857541343,0.001004974221194591,0.0,0.0,0.008431960220542671
9,6,4,tr_sewn,fixed_delta0,-4.0,0.0,1.0,36645.18688801494,36737.13806912066,0.0025092294217712308,0.2509229421771231,3.1067969413378836e-17,0.12482412463491739,0.0,0.0,1.0,0.0,0.0,1.5225719055308981e-15
9,6,4,tr_sewn,fixed_delta0,0.0,0.0,1.0,64352.19100410356,65517.1798413786,0.018103328248773254,1.8103328248773254,3.1067969413378836e-17,0.12482412463491739,0.0,0.0,1.0,0.0,0.0,1.9101916339611097e-15
9,6,4,tr_sewn,fixed_delta0,2.0,0.0,1.0,65235.7965572674,65552.96386598915,0.004861859982706385,0.48618599827063846,3.1067969413378836e-17,0.12482412463491739,0.0,0.0,1.0,0.0,0.0,1.5461326359326019e-15
9,6,4,tr_sewn,fixed_delta0,4.0,0.0,1.0,62258.04895533337,62688.24704036858,0.006909919155093647,0.6909919155093647,3.1067969413378836e-17,0.12482412463491739,0.0,0.0,1.0,0.0,0.0,1.3387743325531866e-15
9,6,4,tr_sewn,fixed_frobenius_norm,-4.0,0.0,1.0,36645.18688801494,38248.0567012082,0.043740254841420745,4.3740254841420745,3.1067969413378836e-17,0.12482412463491742,0.0,0.0,1.0,0.0,0.0,1.6661417007798955e-15
9,6,4,tr_sewn,fixed_frobenius_norm,0.0,0.0,1.0,64352.19100410356,73105.77797597233,0.136026246119741,13.6026246119741,3.1067969413378836e-17,0.12482412463491742,0.0,0.0,1.0,0.0,0.0,1.4712495541231352e-15
9,6,4,tr_sewn,fixed_frobenius_norm,2.0,0.0,1.0,65235.7965572674,71734.07171760628,0.0996121072061158,9.961210720611579,3.1067969413378836e-17,0.12482412463491742,0.0,0.0,1.0,0.0,0.0,2.1591441122104153e-15
9,6,4,tr_sewn,fixed_frobenius_norm,4.0,0.0,1.0,62258.04895533337,69502.14179323477,0.11635592440583276,11.635592440583276,3.1067969413378836e-17,0.12482412463491742,0.0,0.0,1.0,0.0,0.0,1.6016412508472677e-15
13,6,3,same_valley,fixed_delta0,-4.0,0.0,1.0,58683.697913607015,81743.236093461,0.39294623549118857,39.29462354911885,0.8266045636568451,0.8118615640214063,1.4122116850395199,1.3381668608417645,0.00023017674842222883,0.0,0.0,0.010154203451989707
13,6,3,same_valley,fixed_delta0,0.0,0.0,1.0,136723.54322588432,99611.21582373526,-0.27144064969728643,-27.144064969728642,0.8266045636568451,0.8118615640214063,1.4122116850395199,1.3381668608417645,0.00023017674842222883,0.0,0.0,0.01880675674086284
13,6,3,same_valley,fixed_delta0,2.0,0.0,1.0,101127.65146587146,106546.43231372412,0.05358357253734303,5.358357253734303,0.8266045636568451,0.8118615640214063,1.4122116850395199,1.3381668608417645,0.00023017674842222883,0.0,0.0,0.022019366221894734
13,6,3,same_valley,fixed_delta0,4.0,0.0,1.0,97081.61889792117,103043.88468144796,0.0614149810356579,6.14149810356579,0.8266045636568451,0.8118615640214063,1.4122116850395199,1.3381668608417645,0.00023017674842222883,0.0,0.0,0.016455521301342334
13,6,3,same_valley,fixed_frobenius_norm,-4.0,0.0,1.0,58683.697913607015,85859.80883490751,0.46309472455721234,46.309472455721234,0.8266045636568451,0.8118615640214061,1.4122116850395199,1.3381668608417645,0.00023017674842222883,0.0,0.0,0.006288743896584264
13,6,3,same_valley,fixed_frobenius_norm,0.0,0.0,1.0,136723.54322588432,97879.6595941167,-0.2841053026806999,-28.41053026806999,0.8266045636568451,0.8118615640214061,1.4122116850395199,1.3381668608417645,0.00023017674842222883,0.0,0.0,0.013233406465771607
13,6,3,same_valley,fixed_frobenius_norm,2.0,0.0,1.0,101127.65146587146,106166.0666693592,0.04982232980252799,4.982232980252799,0.8266045636568451,0.8118615640214061,1.4122116850395199,1.3381668608417645,0.00023017674842222883,0.0,0.0,0.01489789347170886
13,6,3,same_valley,fixed_frobenius_norm,4.0,0.0,1.0,97081.61889792117,104371.02482655057,0.07508533552879881,7.508533552879881,0.8266045636568451,0.8118615640214061,1.4122116850395199,1.3381668608417645,0.00023017674842222883,0.0,0.0,0.010260866964804518
13,6,3,sewn_time_reversed_valley,fixed_delta0,-4.0,0.0,1.0,81596.79464918436,69808.51018133159,-0.1444699454008591,-14.44699454008591,0.24366996916811814,0.765116128634224,1.4143107682418825,1.3751490635862782,5.122301120843775e-06,0.0,0.0,0.008174269929738362
13,6,3,sewn_time_reversed_valley,fixed_delta0,0.0,0.0,1.0,107699.34736374384,107862.2405394799,0.0015124806205732977,0.15124806205732977,0.24366996916811814,0.765116128634224,1.4143107682418825,1.3751490635862782,5.122301120843775e-06,0.0,0.0,0.017783860033319106
13,6,3,sewn_time_reversed_valley,fixed_delta0,2.0,0.0,1.0,109239.29454063295,112606.77266805389,0.030826619135373212,3.082661913537321,0.24366996916811814,0.765116128634224,1.4143107682418825,1.3751490635862782,5.122301120843775e-06,0.0,0.0,0.018847736284390862
13,6,3,sewn_time_reversed_valley,fixed_delta0,4.0,0.0,1.0,107549.48669847113,95483.65572828367,-0.11218864301989251,-11.218864301989251,0.24366996916811814,0.765116128634224,1.4143107682418825,1.3751490635862782,5.122301120843775e-06,0.0,0.0,0.012254255820803625
13,6,3,sewn_time_reversed_valley,fixed_frobenius_norm,-4.0,0.0,1.0,81596.79464918436,69899.08704655337,-0.14335989119332304,-14.335989119332304,0.24366996916811814,0.765116128634224,1.4143107682418825,1.3751490635862782,5.122301120843775e-06,0.0,0.0,0.005939271093978766
13,6,3,sewn_time_reversed_valley,fixed_frobenius_norm,0.0,0.0,1.0,107699.34736374384,111656.77248372573,0.03674511700257632,3.674511700257632,0.24366996916811814,0.765116128634224,1.4143107682418825,1.3751490635862782,5.122301120843775e-06,0.0,0.0,0.011203153531232746
13,6,3,sewn_time_reversed_valley,fixed_frobenius_norm,2.0,0.0,1.0,109239.29454063295,108191.4289138343,-0.009592387347474918,-0.9592387347474918,0.24366996916811814,0.765116128634224,1.4143107682418825,1.3751490635862782,5.122301120843775e-06,0.0,0.0,0.012003738404791285
13,6,3,sewn_time_reversed_valley,fixed_frobenius_norm,4.0,0.0,1.0,107549.48669847113,94515.00828552965,-0.12119517082852582,-12.119517082852582,0.24366996916811814,0.765116128634224,1.4143107682418825,1.3751490635862782,5.122301120843775e-06,0.0,0.0,0.007224523930099311
13,6,3,time_reversed_valley,fixed_delta0,-4.0,0.0,1.0,86400.26059356247,70975.08135610525,-0.178531628625742,-17.8531628625742,0.7806803333607709,0.746407193769335,1.4143107682418825,1.3751490635862782,5.122301120843775e-06,0.0,0.0,0.008362476295243034
13,6,3,time_reversed_valley,fixed_delta0,0.0,0.0,1.0,121207.30119038708,127065.22847633992,0.04832982195314672,4.832982195314672,0.7806803333607709,0.746407193769335,1.4143107682418825,1.3751490635862782,5.122301120843775e-06,0.0,0.0,0.015284774968409383
13,6,3,time_reversed_valley,fixed_delta0,2.0,0.0,1.0,96291.12564398802,108288.1537522455,0.12459121261717776,12.459121261717776,0.7806803333607709,0.746407193769335,1.4143107682418825,1.3751490635862782,5.122301120843775e-06,0.0,0.0,0.01966717600866291
13,6,3,time_reversed_valley,fixed_delta0,4.0,0.0,1.0,84356.67628276582,97435.87627923297,0.1550464121254056,15.504641212540559,0.7806803333607709,0.746407193769335,1.4143107682418825,1.3751490635862782,5.122301120843775e-06,0.0,0.0,0.015468367677835349
13,6,3,time_reversed_valley,fixed_frobenius_norm,-4.0,0.0,1.0,86400.26059356247,71138.80367828772,-0.17663670005657206,-17.663670005657206,0.7806803333607709,0.7464071937693352,1.4143107682418825,1.3751490635862782,5.122301120843775e-06,0.0,0.0,0.005347810700081495
13,6,3,time_reversed_valley,fixed_frobenius_norm,0.0,0.0,1.0,121207.30119038708,117863.68491984787,-0.027585931191448587,-2.7585931191448587,0.7806803333607709,0.7464071937693352,1.4143107682418825,1.3751490635862782,5.122301120843775e-06,0.0,0.0,0.008613543916464643
13,6,3,time_reversed_valley,fixed_frobenius_norm,2.0,0.0,1.0,96291.12564398802,105991.79244376667,0.10074310311465662,10.074310311465663,0.7806803333607709,0.7464071937693352,1.4143107682418825,1.3751490635862782,5.122301120843775e-06,0.0,0.0,0.012029213606298238
13,6,3,time_reversed_valley,fixed_frobenius_norm,4.0,0.0,1.0,84356.67628276582,98746.32945600594,0.17058108269943717,17.058108269943716,0.7806803333607709,0.7464071937693352,1.4143107682418825,1.3751490635862782,5.122301120843775e-06,0.0,0.0,0.010092884346877674
13,6,3,tr_sewn,fixed_delta0,-4.0,0.0,1.0,61396.48653246244,62146.75913851001,0.012220122818442869,1.222012281844287,-5.25549360769305e-18,0.10867549702620576,0.0,0.0,1.0,0.0,0.0,1.5683997584958845e-15
13,6,3,tr_sewn,fixed_delta0,0.0,0.0,1.0,84438.92605120914,86094.18374992008,0.019603016951057484,1.9603016951057484,-5.25549360769305e-18,0.10867549702620576,0.0,0.0,1.0,0.0,0.0,1.877389386448836e-15
13,6,3,tr_sewn,fixed_delta0,2.0,0.0,1.0,86133.95975326152,86344.73941714707,0.0024471145235787084,0.24471145235787084,-5.25549360769305e-18,0.10867549702620576,0.0,0.0,1.0,0.0,0.0,1.894538472776213e-15
13,6,3,tr_sewn,fixed_delta0,4.0,0.0,1.0,83151.8104437628,83246.97933091703,0.001144519724180837,0.11445197241808369,-5.25549360769305e-18,0.10867549702620576,0.0,0.0,1.0,0.0,0.0,1.75217083081369e-15
13,6,3,tr_sewn,fixed_frobenius_norm,-4.0,0.0,1.0,61396.48653246244,66747.23482589377,0.08715072466894669,8.715072466894668,-5.25549360769305e-18,0.10867549702620574,0.0,0.0,1.0,0.0,0.0,1.566181203159925e-15
13,6,3,tr_sewn,fixed_frobenius_norm,0.0,0.0,1.0,84438.92605120914,92992.6197240192,0.10130036077937032,10.130036077937032,-5.25549360769305e-18,0.10867549702620574,0.0,0.0,1.0,0.0,0.0,1.5093338556005583e-15
13,6,3,tr_sewn,fixed_frobenius_norm,2.0,0.0,1.0,86133.95975326152,93065.77217031043,0.08047711305628713,8.047711305628713,-5.25549360769305e-18,0.10867549702620574,0.0,0.0,1.0,0.0,0.0,1.5936728320059625e-15
13,6,3,tr_sewn,fixed_frobenius_norm,4.0,0.0,1.0,83151.8104437628,89567.37031888464,0.07715478281090227,7.715478281090227,-5.25549360769305e-18,0.10867549702620574,0.0,0.0,1.0,0.0,0.0,1.5256413042532345e-15
13,6,4,same_valley,fixed_delta0,-4.0,0.0,1.0,29956.21869277199,32862.6572480464,0.0970228781236564,9.70228781236564,0.8345945770175687,0.8116152568935876,1.4117391564985105,1.3488592709651048,1.4476251070455863e-06,0.0,0.0,0.009027204182321667
13,6,4,same_valley,fixed_delta0,0.0,0.0,1.0,91220.35726485324,91754.35235330643,0.005853902620692075,0.5853902620692075,0.8345945770175687,0.8116152568935876,1.4117391564985105,1.3488592709651048,1.4476251070455863e-06,0.0,0.0,0.0373140511513805
13,6,4,same_valley,fixed_delta0,2.0,0.0,1.0,100765.43041406927,103228.61257419022,0.024444714323147876,2.4444714323147876,0.8345945770175687,0.8116152568935876,1.4117391564985105,1.3488592709651048,1.4476251070455863e-06,0.0,0.0,0.029803604952853162
13,6,4,same_valley,fixed_delta0,4.0,0.0,1.0,94094.15886482329,91850.37815018216,-0.023846121180216562,-2.384612118021656,0.8345945770175687,0.8116152568935876,1.4117391564985105,1.3488592709651048,1.4476251070455863e-06,0.0,0.0,0.021386892308193895
13,6,4,same_valley,fixed_frobenius_norm,-4.0,0.0,1.0,29956.21869277199,32622.502952525945,0.08900603534441731,8.900603534441732,0.8345945770175687,0.8116152568935876,1.4117391564985105,1.3488592709651048,1.4476251070455863e-06,0.0,0.0,0.006289806371365234
13,6,4,same_valley,fixed_frobenius_norm,0.0,0.0,1.0,91220.35726485324,91179.12232064796,-0.0004520366444691337,-0.04520366444691337,0.8345945770175687,0.8116152568935876,1.4117391564985105,1.3488592709651048,1.4476251070455863e-06,0.0,0.0,0.0264489771634159
13,6,4,same_valley,fixed_frobenius_norm,2.0,0.0,1.0,100765.43041406927,95544.38828290485,-0.05181382255511546,-5.181382255511546,0.8345945770175687,0.8116152568935876,1.4117391564985105,1.3488592709651048,1.4476251070455863e-06,0.0,0.0,0.02035653385738538
13,6,4,same_valley,fixed_frobenius_norm,4.0,0.0,1.0,94094.15886482329,91219.30799428001,-0.030552915348053822,-3.055291534805382,0.8345945770175687,0.8116152568935876,1.4117391564985105,1.3488592709651048,1.4476251070455863e-06,0.0,0.0,0.016160779027905196
13,6,4,sewn_time_reversed_valley,fixed_delta0,-4.0,0.0,1.0,29697.67679903063,37190.95359570397,0.25231861897419305,25.231861897419307,0.24992474965885947,0.7614037745512604,1.4130168269495762,1.3809551233684023,0.0006243475714216725,0.0,0.0,0.006979949873408442
13,6,4,sewn_time_reversed_valley,fixed_delta0,0.0,0.0,1.0,92580.5047579273,91286.34736370563,-0.013978724760742356,-1.3978724760742356,0.24992474965885947,0.7614037745512604,1.4130168269495762,1.3809551233684023,0.0006243475714216725,0.0,0.0,0.020614563707350573
13,6,4,sewn_time_reversed_valley,fixed_delta0,2.0,0.0,1.0,104833.7640758223,99567.71748765832,-0.0502323524733429,-5.02323524733429,0.24992474965885947,0.7614037745512604,1.4130168269495762,1.3809551233684023,0.0006243475714216725,0.0,0.0,0.014643571032859154
13,6,4,sewn_time_reversed_valley,fixed_delta0,4.0,0.0,1.0,95164.04559413766,101113.06016008879,0.06251325832996746,6.251325832996746,0.24992474965885947,0.7614037745512604,1.4130168269495762,1.3809551233684023,0.0006243475714216725,0.0,0.0,0.0186976769492789
13,6,4,sewn_time_reversed_valley,fixed_frobenius_norm,-4.0,0.0,1.0,29697.67679903063,34652.09660373936,0.1668285313439215,16.68285313439215,0.24992474965885947,0.7614037745512604,1.4130168269495762,1.3809551233684023,0.0006243475714216725,0.0,0.0,0.0046680421021310535
13,6,4,sewn_time_reversed_valley,fixed_frobenius_norm,0.0,0.0,1.0,92580.5047579273,91261.6617248916,-0.014245364469378408,-1.4245364469378408,0.24992474965885947,0.7614037745512604,1.4130168269495762,1.3809551233684023,0.0006243475714216725,0.0,0.0,0.0140633200699317
13,6,4,sewn_time_reversed_valley,fixed_frobenius_norm,2.0,0.0,1.0,104833.7640758223,98599.72132045767,-0.05946598226555888,-5.9465982265558885,0.24992474965885947,0.7614037745512604,1.4130168269495762,1.3809551233684023,0.0006243475714216725,0.0,0.0,0.00912078159291056
13,6,4,sewn_time_reversed_valley,fixed_frobenius_norm,4.0,0.0,1.0,95164.04559413766,105939.81295384726,0.11323359880754591,11.323359880754591,0.24992474965885947,0.7614037745512604,1.4130168269495762,1.3809551233684023,0.0006243475714216725,0.0,0.0,0.013217006883208744
13,6,4,time_reversed_valley,fixed_delta0,-4.0,0.0,1.0,30189.14326824488,35037.23092787206,0.16059043532801232,16.059043532801233,0.7195034656344355,0.7079201210273032,1.4130168269495762,1.3809551233684023,0.0006243475714216725,0.0,0.0,0.006699862913316924
13,6,4,time_reversed_valley,fixed_delta0,0.0,0.0,1.0,89454.10798704905,90079.34380056801,0.006989458925793279,0.6989458925793279,0.7195034656344355,0.7079201210273032,1.4130168269495762,1.3809551233684023,0.0006243475714216725,0.0,0.0,0.026724790182355136
13,6,4,time_reversed_valley,fixed_delta0,2.0,0.0,1.0,106462.56587253883,101541.92848463499,-0.04621941381532191,-4.62194138153219,0.7195034656344355,0.7079201210273032,1.4130168269495762,1.3809551233684023,0.0006243475714216725,0.0,0.0,0.021652043357936697
13,6,4,time_reversed_valley,fixed_delta0,4.0,0.0,1.0,96402.33708332072,85894.93012123572,-0.10899535509189384,-10.899535509189384,0.7195034656344355,0.7079201210273032,1.4130168269495762,1.3809551233684023,0.0006243475714216725,0.0,0.0,0.018862051577977317
13,6,4,time_reversed_valley,fixed_frobenius_norm,-4.0,0.0,1.0,30189.14326824488,32304.20675798624,0.07006040121602708,7.006040121602708,0.7195034656344355,0.7079201210273031,1.4130168269495762,1.3809551233684023,0.0006243475714216725,0.0,0.0,0.004413186850234357
13,6,4,time_reversed_valley,fixed_frobenius_norm,0.0,0.0,1.0,89454.10798704905,89120.49632690643,-0.0037294168781037973,-0.37294168781037973,0.7195034656344355,0.7079201210273031,1.4130168269495762,1.3809551233684023,0.0006243475714216725,0.0,0.0,0.01829990016453509
13,6,4,time_reversed_valley,fixed_frobenius_norm,2.0,0.0,1.0,106462.56587253883,102102.30073430046,-0.04095585243980182,-4.095585243980182,0.7195034656344355,0.7079201210273031,1.4130168269495762,1.3809551233684023,0.0006243475714216725,0.0,0.0,0.013694765621602503
13,6,4,time_reversed_valley,fixed_frobenius_norm,4.0,0.0,1.0,96402.33708332072,88871.50433089628,-0.07811877782501808,-7.811877782501808,0.7195034656344355,0.7079201210273031,1.4130168269495762,1.3809551233684023,0.0006243475714216725,0.0,0.0,0.013322365816616189
13,6,4,tr_sewn,fixed_delta0,-4.0,0.0,1.0,37121.88377907424,36717.42879917629,-0.010895324771366899,-1.0895324771366899,-7.883240411539583e-18,0.12575367514849523,0.0,0.0,1.0,0.0,0.0,1.4375426719853813e-15
13,6,4,tr_sewn,fixed_delta0,0.0,0.0,1.0,66618.69579512914,67219.83676390751,0.009023607586480686,0.9023607586480686,-7.883240411539583e-18,0.12575367514849523,0.0,0.0,1.0,0.0,0.0,1.7968050631888473e-15
13,6,4,tr_sewn,fixed_delta0,2.0,0.0,1.0,68791.80678359035,70549.04787161753,0.025544336894002706,2.5544336894002706,-7.883240411539583e-18,0.12575367514849523,0.0,0.0,1.0,0.0,0.0,1.6205876078179039e-15
13,6,4,tr_sewn,fixed_delta0,4.0,0.0,1.0,61189.64676365975,61867.72749091764,0.011081625129769401,1.1081625129769401,-7.883240411539583e-18,0.12575367514849523,0.0,0.0,1.0,0.0,0.0,1.8745162924565162e-15
13,6,4,tr_sewn,fixed_frobenius_norm,-4.0,0.0,1.0,37121.88377907424,38844.88486169148,0.046414699557582706,4.641469955758271,-7.883240411539583e-18,0.12575367514849523,0.0,0.0,1.0,0.0,0.0,1.794772410595495e-15
13,6,4,tr_sewn,fixed_frobenius_norm,0.0,0.0,1.0,66618.69579512914,74751.75969861941,0.12208380555064724,12.208380555064725,-7.883240411539583e-18,0.12575367514849523,0.0,0.0,1.0,0.0,0.0,1.885360236092592e-15
13,6,4,tr_sewn,fixed_frobenius_norm,2.0,0.0,1.0,68791.80678359035,77689.71814867067,0.12934551047731513,12.934551047731514,-7.883240411539583e-18,0.12575367514849523,0.0,0.0,1.0,0.0,0.0,1.4015512557824731e-15
13,6,4,tr_sewn,fixed_frobenius_norm,4.0,0.0,1.0,61189.64676365975,68841.92271219008,0.1250583448877658,12.505834488776578,-7.883240411539583e-18,0.12575367514849523,0.0,0.0,1.0,0.0,0.0,1.4548181577739304e-15
15,6,3,same_valley,fixed_delta0,-4.0,0.0,1.0,76248.66613386653,84631.79551171919,0.10994460366211212,10.99446036621121,0.8276764571997423,0.8116342612807123,1.4136354227203274,1.338101333704969,1.5129930618338333e-05,0.0,0.0,0.0071684598114446305
15,6,3,same_valley,fixed_delta0,0.0,0.0,1.0,96127.1103909052,105848.65853365044,0.10113222069416339,10.113222069416338,0.8276764571997423,0.8116342612807123,1.4136354227203274,1.338101333704969,1.5129930618338333e-05,0.0,0.0,0.030303023545552126
15,6,3,same_valley,fixed_delta0,2.0,0.0,1.0,113104.231673136,121153.41197341908,0.07116604021982731,7.116604021982731,0.8276764571997423,0.8116342612807123,1.4136354227203274,1.338101333704969,1.5129930618338333e-05,0.0,0.0,0.023017102335111048
15,6,3,same_valley,fixed_delta0,4.0,0.0,1.0,100133.33540140124,101156.15689404664,0.01021459525486934,1.021459525486934,0.8276764571997423,0.8116342612807123,1.4136354227203274,1.338101333704969,1.5129930618338333e-05,0.0,0.0,0.021504076479478745
15,6,3,same_valley,fixed_frobenius_norm,-4.0,0.0,1.0,76248.66613386653,87182.11658773094,0.1433920225524865,14.33920225524865,0.8276764571997423,0.8116342612807123,1.4136354227203274,1.338101333704969,1.5129930618338333e-05,0.0,0.0,0.006825368717024313
15,6,3,same_valley,fixed_frobenius_norm,0.0,0.0,1.0,96127.1103909052,105905.04907292358,0.10171884541474241,10.171884541474242,0.8276764571997423,0.8116342612807123,1.4136354227203274,1.338101333704969,1.5129930618338333e-05,0.0,0.0,0.024425765382311827
15,6,3,same_valley,fixed_frobenius_norm,2.0,0.0,1.0,113104.231673136,128192.83635037714,0.13340442222220505,13.340442222220506,0.8276764571997423,0.8116342612807123,1.4136354227203274,1.338101333704969,1.5129930618338333e-05,0.0,0.0,0.02258815740652636
15,6,3,same_valley,fixed_frobenius_norm,4.0,0.0,1.0,100133.33540140124,95692.01405161325,-0.044354073815520145,-4.4354073815520145,0.8276764571997423,0.8116342612807123,1.4136354227203274,1.338101333704969,1.5129930618338333e-05,0.0,0.0,0.013094972593693981
15,6,3,sewn_time_reversed_valley,fixed_delta0,-4.0,0.0,1.0,71657.5777621922,69531.9782551958,-0.02966328996007317,-2.966328996007317,0.24231090710368866,0.7629516424506125,1.4145455369704802,1.3750965140968618,4.775768149588064e-05,0.0,0.0,0.010430075514005733
15,6,3,sewn_time_reversed_valley,fixed_delta0,0.0,0.0,1.0,105287.69072496187,109185.8576531607,0.03702395694461402,3.7023956944614023,0.24231090710368866,0.7629516424506125,1.4145455369704802,1.3750965140968618,4.775768149588064e-05,0.0,0.0,0.01812079979802894
15,6,3,sewn_time_reversed_valley,fixed_delta0,2.0,0.0,1.0,119888.52154363313,114290.7915453726,-0.0466911254404222,-4.669112544042219,0.24231090710368866,0.7629516424506125,1.4145455369704802,1.3750965140968618,4.775768149588064e-05,0.0,0.0,0.019989216538153904
15,6,3,sewn_time_reversed_valley,fixed_delta0,4.0,0.0,1.0,99628.71627564094,99097.59895623467,-0.005330966203929033,-0.5330966203929033,0.24231090710368866,0.7629516424506125,1.4145455369704802,1.3750965140968618,4.775768149588064e-05,0.0,0.0,0.012322249953579691
15,6,3,sewn_time_reversed_valley,fixed_frobenius_norm,-4.0,0.0,1.0,71657.5777621922,71539.07895279917,-0.0016536814820379275,-0.16536814820379275,0.24231090710368866,0.7629516424506126,1.4145455369704802,1.3750965140968618,4.775768149588064e-05,0.0,0.0,0.007126338003431946
15,6,3,sewn_time_reversed_valley,fixed_frobenius_norm,0.0,0.0,1.0,105287.69072496187,107432.73856796892,0.02037320629066186,2.037320629066186,0.24231090710368866,0.7629516424506126,1.4145455369704802,1.3750965140968618,4.775768149588064e-05,0.0,0.0,0.012183331888392298
15,6,3,sewn_time_reversed_valley,fixed_frobenius_norm,2.0,0.0,1.0,119888.52154363313,115031.76467878511,-0.040510607707180846,-4.051060770718085,0.24231090710368866,0.7629516424506126,1.4145455369704802,1.3750965140968618,4.775768149588064e-05,0.0,0.0,0.014062498954260757
15,6,3,sewn_time_reversed_valley,fixed_frobenius_norm,4.0,0.0,1.0,99628.71627564094,94745.74146065771,-0.04901172069178927,-4.901172069178927,0.24231090710368866,0.7629516424506126,1.4145455369704802,1.3750965140968618,4.775768149588064e-05,0.0,0.0,0.008546401430489542
15,6,3,time_reversed_valley,fixed_delta0,-4.0,0.0,1.0,71805.58934509492,70483.70587555399,-0.01840920019732739,-1.840920019732739,0.7864056035513785,0.7471535176194946,1.4145455369704802,1.3750965140968618,4.775768149588064e-05,0.0,0.0,0.010624831363350852
15,6,3,time_reversed_valley,fixed_delta0,0.0,0.0,1.0,96120.2700563177,102421.19072955976,0.06555246535980697,6.555246535980697,0.7864056035513785,0.7471535176194946,1.4145455369704802,1.3750965140968618,4.775768149588064e-05,0.0,0.0,0.023225012459382837
15,6,3,time_reversed_valley,fixed_delta0,2.0,0.0,1.0,115305.36795820491,108002.00264180692,-0.06333933489588506,-6.333933489588506,0.7864056035513785,0.7471535176194946,1.4145455369704802,1.3750965140968618,4.775768149588064e-05,0.0,0.0,0.019773980595758703
15,6,3,time_reversed_valley,fixed_delta0,4.0,0.0,1.0,86363.90679028924,94881.01456651666,0.09861883387129367,9.861883387129367,0.7864056035513785,0.7471535176194946,1.4145455369704802,1.3750965140968618,4.775768149588064e-05,0.0,0.0,0.014851423613748582
15,6,3,time_reversed_valley,fixed_frobenius_norm,-4.0,0.0,1.0,71805.58934509492,69261.45078133576,-0.03543092657497904,-3.543092657497904,0.7864056035513785,0.7471535176194946,1.4145455369704802,1.3750965140968618,4.775768149588064e-05,0.0,0.0,0.007309172377273745
15,6,3,time_reversed_valley,fixed_frobenius_norm,0.0,0.0,1.0,96120.2700563177,102037.74111797399,0.06156319638083807,6.156319638083807,0.7864056035513785,0.7471535176194946,1.4145455369704802,1.3750965140968618,4.775768149588064e-05,0.0,0.0,0.014815024876503597
15,6,3,time_reversed_valley,fixed_frobenius_norm,2.0,0.0,1.0,115305.36795820491,113155.43367493858,-0.018645569771266968,-1.8645569771266968,0.7864056035513785,0.7471535176194946,1.4145455369704802,1.3750965140968618,4.775768149588064e-05,0.0,0.0,0.013492071248198104
15,6,3,time_reversed_valley,fixed_frobenius_norm,4.0,0.0,1.0,86363.90679028924,91679.4894824471,0.06154865950037758,6.154865950037758,0.7864056035513785,0.7471535176194946,1.4145455369704802,1.3750965140968618,4.775768149588064e-05,0.0,0.0,0.010446707127100191
15,6,3,tr_sewn,fixed_delta0,-4.0,0.0,1.0,60659.82631617196,60613.14921633856,-0.0007694895067800189,-0.07694895067800189,4.382560584561177e-34,0.10759290521187835,0.0,0.0,1.0,0.0,0.0,1.9616292080341914e-15
15,6,3,tr_sewn,fixed_delta0,0.0,0.0,1.0,84820.86263876714,85538.67707348317,0.008462710851846023,0.8462710851846023,4.382560584561177e-34,0.10759290521187835,0.0,0.0,1.0,0.0,0.0,1.7386034224572665e-15
15,6,3,tr_sewn,fixed_delta0,2.0,0.0,1.0,86165.7336891469,86776.78240026557,0.007091551188121992,0.7091551188121992,4.382560584561177e-34,0.10759290521187835,0.0,0.0,1.0,0.0,0.0,1.679914294636903e-15
15,6,3,tr_sewn,fixed_delta0,4.0,0.0,1.0,81443.80572394739,82304.70946382846,0.010570524452149233,1.0570524452149233,4.382560584561177e-34,0.10759290521187835,0.0,0.0,1.0,0.0,0.0,1.5013930134712073e-15
15,6,3,tr_sewn,fixed_frobenius_norm,-4.0,0.0,1.0,60659.82631617196,64858.26343263189,0.06921281136838053,6.921281136838053,4.382560584561177e-34,0.10759290521187832,0.0,0.0,1.0,0.0,0.0,1.889392104427102e-15
15,6,3,tr_sewn,fixed_frobenius_norm,0.0,0.0,1.0,84820.86263876714,92430.79845921019,0.08971773669470973,8.971773669470974,4.382560584561177e-34,0.10759290521187832,0.0,0.0,1.0,0.0,0.0,1.6798865002017484e-15
15,6,3,tr_sewn,fixed_frobenius_norm,2.0,0.0,1.0,86165.7336891469,93619.54856674837,0.08650555805039617,8.650555805039616,4.382560584561177e-34,0.10759290521187832,0.0,0.0,1.0,0.0,0.0,1.843966712098513e-15
15,6,3,tr_sewn,fixed_frobenius_norm,4.0,0.0,1.0,81443.80572394739,88577.73700637076,0.08759329477558708,8.759329477558708,4.382560584561177e-34,0.10759290521187832,0.0,0.0,1.0,0.0,0.0,1.5919183709537446e-15
15,6,4,same_valley,fixed_delta0,-4.0,0.0,1.0,88139.98959770598,65297.311231448366,-0.25916361540905086,-25.916361540905086,0.8324411007419008,0.8084684462877181,1.4120041439151207,1.3490009282873203,0.00026623995883703634,0.0,0.0,0.006336840459405278
15,6,4,same_valley,fixed_delta0,0.0,0.0,1.0,88368.20944511739,91620.82738278006,0.03680755735672969,3.680755735672969,0.8324411007419008,0.8084684462877181,1.4120041439151207,1.3490009282873203,0.00026623995883703634,0.0,0.0,0.03092954455562201
15,6,4,same_valley,fixed_delta0,2.0,0.0,1.0,100861.6383897975,97811.23930205565,-0.030243402114419893,-3.0243402114419893,0.8324411007419008,0.8084684462877181,1.4120041439151207,1.3490009282873203,0.00026623995883703634,0.0,0.0,0.029824347319163075
15,6,4,same_valley,fixed_delta0,4.0,0.0,1.0,82905.78224173244,85641.0553813666,0.032992549683190875,3.2992549683190875,0.8324411007419008,0.8084684462877181,1.4120041439151207,1.3490009282873203,0.00026623995883703634,0.0,0.0,0.027239114870949342
15,6,4,same_valley,fixed_frobenius_norm,-4.0,0.0,1.0,88139.98959770598,81254.83201130055,-0.07811616064207738,-7.811616064207739,0.8324411007419008,0.8084684462877181,1.4120041439151207,1.3490009282873203,0.00026623995883703634,0.0,0.0,0.003574116873817302
15,6,4,same_valley,fixed_frobenius_norm,0.0,0.0,1.0,88368.20944511739,91255.2469700897,0.03267054456688245,3.2670544566882453,0.8324411007419008,0.8084684462877181,1.4120041439151207,1.3490009282873203,0.00026623995883703634,0.0,0.0,0.020397351282173085
15,6,4,same_valley,fixed_frobenius_norm,2.0,0.0,1.0,100861.6383897975,104866.62828499128,0.03970776163397027,3.9707761633970273,0.8324411007419008,0.8084684462877181,1.4120041439151207,1.3490009282873203,0.00026623995883703634,0.0,0.0,0.019839195804153588
15,6,4,same_valley,fixed_frobenius_norm,4.0,0.0,1.0,82905.78224173244,83624.98993947764,0.008675000443855385,0.8675000443855385,0.8324411007419008,0.8084684462877181,1.4120041439151207,1.3490009282873203,0.00026623995883703634,0.0,0.0,0.017616111483994883
15,6,4,sewn_time_reversed_valley,fixed_delta0,-4.0,0.0,1.0,68932.26160118081,63625.32512537132,-0.07698770289177037,-7.6987702891770375,0.2507397954037826,0.7631665396129079,1.4142360173754436,1.380980604128873,4.353791013083948e-05,0.0,0.0,0.0032793353435485485
15,6,4,sewn_time_reversed_valley,fixed_delta0,0.0,0.0,1.0,90004.87002309228,90218.69603421673,0.0023757160148065726,0.23757160148065726,0.2507397954037826,0.7631665396129079,1.4142360173754436,1.380980604128873,4.353791013083948e-05,0.0,0.0,0.020639632540897578
15,6,4,sewn_time_reversed_valley,fixed_delta0,2.0,0.0,1.0,106415.90445014175,101188.02378245389,-0.04912687341897504,-4.912687341897504,0.2507397954037826,0.7631665396129079,1.4142360173754436,1.380980604128873,4.353791013083948e-05,0.0,0.0,0.019132243409723675
15,6,4,sewn_time_reversed_valley,fixed_delta0,4.0,0.0,1.0,81379.93950535916,86269.75800514541,0.060086288211903094,6.008628821190309,0.2507397954037826,0.7631665396129079,1.4142360173754436,1.380980604128873,4.353791013083948e-05,0.0,0.0,0.01920975766108193
15,6,4,sewn_time_reversed_valley,fixed_frobenius_norm,-4.0,0.0,1.0,68932.26160118081,68479.22531552956,-0.006572195299094807,-0.6572195299094807,0.2507397954037826,0.7631665396129079,1.4142360173754436,1.380980604128873,4.353791013083948e-05,0.0,0.0,0.0018227923340410446
15,6,4,sewn_time_reversed_valley,fixed_frobenius_norm,0.0,0.0,1.0,90004.87002309228,89751.67680899333,-0.0028131057134351822,-0.2813105713435182,0.2507397954037826,0.7631665396129079,1.4142360173754436,1.380980604128873,4.353791013083948e-05,0.0,0.0,0.01396184982510411
15,6,4,sewn_time_reversed_valley,fixed_frobenius_norm,2.0,0.0,1.0,106415.90445014175,100953.20565451679,-0.051333480872535975,-5.133348087253598,0.2507397954037826,0.7631665396129079,1.4142360173754436,1.380980604128873,4.353791013083948e-05,0.0,0.0,0.012683730679390992
15,6,4,sewn_time_reversed_valley,fixed_frobenius_norm,4.0,0.0,1.0,81379.93950535916,85242.96142515267,0.04746897015743201,4.746897015743201,0.2507397954037826,0.7631665396129079,1.4142360173754436,1.380980604128873,4.353791013083948e-05,0.0,0.0,0.01382260661397204
15,6,4,time_reversed_valley,fixed_delta0,-4.0,0.0,1.0,87739.09424976364,94814.28425637419,0.08063896792084346,8.063896792084346,0.7219472204693017,0.7040925824429498,1.4142360173754436,1.380980604128873,4.353791013083948e-05,0.0,0.0,0.003228411137528532
15,6,4,time_reversed_valley,fixed_delta0,0.0,0.0,1.0,88793.87472386548,89617.33882411027,0.009273884069206595,0.9273884069206595,0.7219472204693017,0.7040925824429498,1.4142360173754436,1.380980604128873,4.353791013083948e-05,0.0,0.0,0.02507745181142034
15,6,4,time_reversed_valley,fixed_delta0,2.0,0.0,1.0,111093.21117181398,96990.74604254222,-0.12694263655284244,-12.694263655284244,0.7219472204693017,0.7040925824429498,1.4142360173754436,1.380980604128873,4.353791013083948e-05,0.0,0.0,0.022045876956238095
15,6,4,time_reversed_valley,fixed_delta0,4.0,0.0,1.0,76807.35183926196,78295.80253245967,0.019379013304776427,1.9379013304776427,0.7219472204693017,0.7040925824429498,1.4142360173754436,1.380980604128873,4.353791013083948e-05,0.0,0.0,0.01978911781499313
15,6,4,time_reversed_valley,fixed_frobenius_norm,-4.0,0.0,1.0,87739.09424976364,113848.86891356218,0.2975842740007415,29.75842740007415,0.7219472204693017,0.7040925824429498,1.4142360173754436,1.380980604128873,4.353791013083948e-05,0.0,0.0,0.0016694537634575296
15,6,4,time_reversed_valley,fixed_frobenius_norm,0.0,0.0,1.0,88793.87472386548,89505.65372780168,0.008016082259612034,0.8016082259612034,0.7219472204693017,0.7040925824429498,1.4142360173754436,1.380980604128873,4.353791013083948e-05,0.0,0.0,0.017814729811993727
15,6,4,time_reversed_valley,fixed_frobenius_norm,2.0,0.0,1.0,111093.21117181398,100699.52176859562,-0.09355827681624707,-9.355827681624707,0.7219472204693017,0.7040925824429498,1.4142360173754436,1.380980604128873,4.353791013083948e-05,0.0,0.0,0.014949851183561303
15,6,4,time_reversed_valley,fixed_frobenius_norm,4.0,0.0,1.0,76807.35183926196,76754.83415496784,-0.0006837585600402152,-0.06837585600402152,0.7219472204693017,0.7040925824429498,1.4142360173754436,1.380980604128873,4.353791013083948e-05,0.0,0.0,0.011899134232230034
15,6,4,tr_sewn,fixed_delta0,-4.0,0.0,1.0,37127.81633963341,36893.657798604596,-0.006306822326603068,-0.6306822326603068,-1.973729821555833e-18,0.12559125767448878,0.0,0.0,1.0,0.0,0.0,1.578248344687467e-15
15,6,4,tr_sewn,fixed_delta0,0.0,0.0,1.0,65321.78947442348,66091.01036195825,0.011775869793584803,1.1775869793584803,-1.973729821555833e-18,0.12559125767448878,0.0,0.0,1.0,0.0,0.0,1.808938731973429e-15
15,6,4,tr_sewn,fixed_delta0,2.0,0.0,1.0,66617.7308282152,67446.93851989819,0.012447252126033037,1.2447252126033037,-1.973729821555833e-18,0.12559125767448878,0.0,0.0,1.0,0.0,0.0,1.553257985105677e-15
15,6,4,tr_sewn,fixed_delta0,4.0,0.0,1.0,60829.07755331449,61612.57928836069,0.01288038166219918,1.288038166219918,-1.973729821555833e-18,0.12559125767448878,0.0,0.0,1.0,0.0,0.0,1.5276343613096871e-15
15,6,4,tr_sewn,fixed_frobenius_norm,-4.0,0.0,1.0,37127.81633963341,39636.59288313906,0.06757134652240682,6.757134652240682,-1.973729821555833e-18,0.12559125767448878,0.0,0.0,1.0,0.0,0.0,1.7646472058795001e-15
15,6,4,tr_sewn,fixed_frobenius_norm,0.0,0.0,1.0,65321.78947442348,73774.1328198564,0.1293954653330862,12.939546533308622,-1.973729821555833e-18,0.12559125767448878,0.0,0.0,1.0,0.0,0.0,1.808938731973429e-15
15,6,4,tr_sewn,fixed_frobenius_norm,2.0,0.0,1.0,66617.7308282152,73853.6918680286,0.10861914613201895,10.861914613201895,-1.973729821555833e-18,0.12559125767448878,0.0,0.0,1.0,0.0,0.0,2.1591441122104153e-15
15,6,4,tr_sewn,fixed_frobenius_norm,4.0,0.0,1.0,60829.07755331449,68656.10722499191,0.12867250312677037,12.867250312677037,-1.973729821555833e-18,0.12559125767448878,0.0,0.0,1.0,0.0,0.0,1.6016412508472677e-15
